YOB,No.of_children,No.of_other_dependents,Home_phone,Spouse's_income,employment_status,income ,RES,Value_of_Home,Mortgage_balance_outstanding,Outgoings on mortgage or rent,Outgoings on Loans,Outgoings on Hire Purchase ,Outgoings on credit cards ,BAD
1919,4,0,1,0,retired,0,Owner,14464,4,0,0,0,0,0
1941,2,0,1,0,private sector,36000,Owner,0,0,280,664,0,80,0
1966,0,0,1,0,others,30000,Other,0,0,0,0,0,0,0
1951,2,0,1,0,private sector,464,Owner,24928,8464,584,320,0,60,0
1965,0,0,1,0,private sector,15000,With parents,0,0,0,0,0,0,0
1942,2,0,1,10500,self employed,48000,Owner,43392,46464,1120,0,0,0,0
1959,0,0,1,6500,public sector,30000,Owner,62464,56000,520,0,96,0,0
1943,1,0,1,13500,self employed,9000,Owner,63392,54464,0,200,0,0,0
1952,0,0,1,0,self employed,22500,With parents,0,0,0,200,0,80,0
1965,0,0,1,0,private sector,19500,Owner,26464,4464,540,0,0,0,0
1948,2,0,1,0,self employed,30000,Owner,38464,23664,600,0,524,0,0
1955,0,0,1,8000,Government,21000,Owner,14464,64000,376,0,0,0,0
1944,0,0,1,0,private sector,24000,Owner,54464,0,384,0,0,0,0
1953,1,0,1,10000,Government,28170,Owner,8928,28000,404,0,0,0,0
1954,2,0,1,2100,others,48000,Owner,50464,28464,600,0,0,88,0
1962,0,0,1,0,private sector,18009,tenant furnished,0,0,280,0,0,0,0
1946,1,0,1,2500,private sector,33000,Owner,3392,54000,0,240,480,0,0
1919,0,0,1,104,retired,24000,Owner,52928,4,0,0,0,0,0
1962,0,0,1,8970,public sector,18474,Owner,57464,28008,748,0,0,140,0
1964,0,0,1,0,student,4170,With parents,0,0,0,0,0,0,0
1931,0,0,1,20000,unemployed,0,Owner,0,0,0,0,0,0,1
1933,0,0,1,3600,private sector,9360,Tenant Unfurnished,0,0,152,512,0,0,1
1938,2,0,1,5000,Government,18464,Owner,13568,28928,0,2000,0,600,0
1931,2,1,1,0,private sector,33464,tenant furnished,0,0,2800,0,0,800,0
1955,1,1,1,0,private sector,27000,Owner,16928,14464,580,0,0,0,0
1931,2,0,0,0,private sector,3928,tenant furnished,0,0,852,0,0,0,0
1933,0,0,1,0,private sector,33750,Owner,54464,30464,940,460,44,0,0
1929,0,0,1,1000,private sector,60000,Owner,3392,4,0,0,0,0,0
1963,0,0,0,0,private sector,18300,tenant furnished,0,0,500,0,0,0,0
1942,3,0,1,1000,Government,26637,Owner,54464,4,0,0,276,0,0
1945,4,0,1,10400,Government,6600,Owner,48928,54000,352,124,0,0,0
1960,0,0,1,8000,private sector,36000,Owner,48928,20928,1608,800,0,0,0
1928,0,0,1,0,Government,17100,tenant furnished,0,0,0,100,0,0,0
1963,0,0,1,0,public sector,26400,With parents,0,0,320,316,0,0,0
1959,1,0,1,2000,private sector,48000,Owner,36928,50464,776,276,0,0,0
1965,0,0,0,0,Government,9000,Owner,36000,20000,220,112,0,0,0
1944,2,0,1,0,Government,42000,Owner,28928,22000,108,56,0,0,0
1964,0,0,1,0,Government,21357,With parents,0,0,0,0,0,0,1
1966,0,0,1,0,private sector,15000,With parents,0,0,0,0,0,0,1
1945,0,0,1,30000,housewife,0,Owner,21248,14464,0,0,0,0,0
1968,0,0,1,0,student,6189,With parents,0,0,0,0,0,0,0
1954,2,0,1,0,private sector,55068,Owner,43392,4,0,0,0,0,0
1945,4,0,1,0,self employed,42000,Owner,28928,34464,988,0,0,0,0
1913,0,0,0,850,retired,37500,Tenant Unfurnished,0,0,520,0,0,0,0
1958,0,0,1,0,private sector,40500,Owner,26464,64000,520,0,0,0,0
1966,0,0,1,0,private sector,21750,With parents,0,0,0,0,0,60,1
1959,1,0,1,16000,Government,15000,Owner,24928,54464,960,180,0,0,0
1968,0,0,1,0,student,0,With parents,48928,6464,0,0,0,0,0
1999,0,0,1,0,retired,0,Owner,34464,4,0,0,0,0,0
1945,4,0,1,20000,housewife,0,tenant furnished,0,0,0,0,0,0,0
1931,0,0,1,0,Government,34170,Owner,0,0,0,0,0,0,1
1954,0,0,1,0,private sector,23646,Owner,4928,4,0,380,0,32,0
1957,0,0,1,0,private sector,18765,Other,0,0,0,0,0,0,0
1928,0,0,1,0,retired,0,Tenant Unfurnished,0,0,432,0,0,0,0
1957,3,0,1,2928,self employed,8784,Tenant Unfurnished,0,0,400,0,0,0,0
1955,3,0,1,4000,Government,60000,Owner,57856,56928,2000,0,0,600,0
1968,0,0,0,0,student,13800,With parents,0,0,400,0,0,0,1
1967,0,0,1,0,student,18000,With parents,0,0,400,0,0,0,0
1919,0,0,1,0,retired,12000,Owner,30464,4,0,0,0,0,0
1957,0,0,1,0,private sector,52500,With parents,0,0,0,0,0,0,0
1935,0,0,1,0,self employed,34500,Owner,3392,36000,288,0,0,0,0
1966,0,0,1,0,military,1620,Other,0,0,0,272,0,0,1
1946,2,0,1,1960,private sector,39750,Owner,12464,29200,304,80,0,80,0
1959,0,0,1,7195,Government,19728,Owner,40464,56000,292,0,0,0,0
1960,0,0,1,0,private sector,22200,With parents,0,0,0,0,0,0,0
1963,0,0,1,0,Government,12825,Other,0,0,0,0,0,20,0
1966,0,0,1,0,private sector,16500,With parents,0,0,0,0,0,0,0
1960,1,0,1,0,private sector,36012,Owner,62464,40464,1000,0,0,0,0
1959,1,0,1,0,Government,36000,Owner,58464,26464,1160,640,0,0,0
1962,0,0,1,0,private sector,18000,tenant furnished,0,0,572,0,0,0,0
1949,0,0,1,0,private sector,43800,Owner,12928,22464,760,240,0,100,0
1961,0,0,0,0,military,30510,tenant furnished,0,0,384,0,0,0,0
1952,0,0,1,2000,self employed,60000,Owner,63392,43392,2280,0,0,0,0
1950,2,0,1,0,Government,59931,Owner,11392,54464,880,576,0,64,0
1967,0,0,1,0,student,0,With parents,0,0,0,0,0,0,0
1961,0,0,0,0,military,30300,tenant furnished,0,0,0,0,80,60,0
1961,0,0,1,0,Government,21474,Tenant Unfurnished,0,0,0,0,0,640,0
1937,0,0,1,7500,private sector,3000,Owner,8928,4,0,0,0,20,0
1964,0,0,1,0,private sector,18000,tenant furnished,0,0,480,0,0,0,0
1915,0,0,1,0,retired,15300,Owner,42464,0,0,0,0,0,0
1938,0,0,1,3000,self employed,22500,Owner,28928,12000,224,0,0,100,0
1968,0,0,1,0,student,5862,Tenant Unfurnished,0,0,160,0,0,0,0
1956,3,0,1,9000,private sector,15000,Tenant Unfurnished,0,0,448,0,0,0,0
1924,0,0,1,0,Government,23445,Owner,4928,4,0,0,0,120,0
1945,1,0,1,0,private sector,29769,Tenant Unfurnished,0,0,408,0,0,40,0
1957,0,0,1,0,self employed,7800,tenant furnished,0,0,0,0,0,0,1
1952,2,1,1,0,private sector,45000,Owner,54464,14464,684,0,0,0,0
1962,0,0,1,0,Government,60464,Other,0,0,0,0,0,0,0
1943,0,0,1,9500,private sector,23400,Owner,34464,60000,488,200,0,100,0
1921,0,0,1,0,retired,0,Owner,0,0,0,152,0,0,0
1939,3,0,1,3600,private sector,36000,Owner,8928,0,380,152,0,32,0
1963,0,0,1,0,private sector,33000,Tenant Unfurnished,0,0,356,424,0,200,0
1953,0,0,1,5000,private sector,36000,Owner,26464,51200,440,380,0,60,0
1964,0,0,1,0,self employed,24000,With parents,0,0,0,0,0,0,0
1935,0,0,1,0,Government,23100,Tenant Unfurnished,0,0,340,0,0,100,0
1961,0,0,1,0,private sector,19500,With parents,0,0,0,0,0,160,1
1933,1,0,1,1750,Government,24464,Owner,57856,36000,600,0,0,80,0
1949,1,0,1,3500,private sector,34200,Owner,62464,41664,752,0,64,160,0
1953,2,0,1,0,self employed,39464,Owner,6784,28928,2000,0,0,0,0
1955,0,0,1,0,private sector,40500,Owner,23392,48464,1040,0,0,0,1
1957,0,0,1,0,Government,28500,Owner,4928,14052,672,436,0,128,0
1939,5,0,1,0,self employed,0,Owner,48928,40000,612,0,0,0,0
1962,0,0,1,0,private sector,20907,tenant furnished,0,0,400,0,0,0,0
1936,3,0,1,0,Government,57000,Owner,23392,24000,340,0,0,0,0
1961,0,0,1,0,private sector,25500,With parents,0,0,0,668,0,80,1
1943,2,0,1,1500,private sector,42000,Owner,48928,48000,440,140,0,0,0
1921,0,0,1,0,retired,24000,Owner,43392,4,0,0,0,0,0
1966,0,0,1,0,private sector,2961,tenant furnished,0,0,300,0,0,80,0
1968,0,0,1,0,private sector,14625,With parents,0,0,160,272,0,0,0
1925,2,0,1,0,private sector,18928,Owner,10176,2464,1520,0,0,0,0
1958,0,0,1,0,private sector,18000,With parents,0,0,400,0,0,0,0
1937,1,0,1,15000,private sector,10500,Owner,48928,4,0,0,0,0,0
1962,0,0,1,0,private sector,28200,Owner,6464,58000,488,0,0,0,0
1957,1,1,1,4800,military,58500,Owner,60928,46928,1840,436,0,0,0
1947,2,0,1,2500,self employed,24000,Owner,64464,52000,520,0,0,0,0
1958,2,0,1,1500,self employed,24000,Owner,23392,10464,676,0,0,0,0
1952,2,0,1,2500,Government,32403,Owner,4928,8464,536,104,0,100,0
1942,0,0,1,0,private sector,30000,Owner,45664,34464,760,800,0,0,0
1966,0,0,1,0,private sector,18000,Owner,64000,0,416,192,0,0,0
1939,0,0,1,0,Government,0,Tenant Unfurnished,0,0,416,0,0,0,0
1917,0,0,1,0,retired,16200,tenant furnished,0,0,160,0,0,0,0
1960,0,0,0,0,Government,24300,Owner,62000,60000,440,156,0,0,0
1965,0,0,1,0,self employed,45000,With parents,0,0,200,0,0,0,0
1958,0,0,1,0,public sector,30900,tenant furnished,0,0,280,0,0,0,0
1926,0,0,1,0,self employed,9464,Owner,17856,0,0,0,0,0,0
1948,3,0,1,0,private sector,41400,Owner,6464,36000,352,320,0,0,0
1945,2,0,1,6250,Government,41256,Owner,60928,56464,1292,0,0,0,0
1954,2,0,1,0,Government,31500,Owner,54464,0,912,88,0,200,1
1962,1,0,1,0,self employed,33000,Owner,14464,4,0,0,0,0,1
1942,2,0,1,6000,private sector,27000,Owner,63392,20000,460,0,0,0,1
1948,2,0,1,1800,Government,51000,Owner,43392,14464,800,0,0,0,0
1946,2,1,1,0,private sector,15464,Owner,15712,28928,520,0,0,0,0
1963,0,0,1,0,private sector,18750,Owner,464,0,600,0,0,0,0
1963,0,0,1,0,self employed,24000,With parents,0,0,0,428,0,0,0
1965,0,0,1,4000,private sector,17700,Owner,2464,64000,500,200,0,0,0
1961,0,0,0,0,private sector,16500,tenant furnished,0,0,400,80,0,0,1
1959,0,0,1,0,Government,30000,With parents,0,0,0,0,0,0,0
1961,0,0,1,0,private sector,37500,With parents,0,0,0,0,0,0,0
1962,0,0,1,0,student,13800,Owner,27392,4928,400,0,0,0,0
1934,1,1,1,0,self employed,9464,Owner,17856,16000,552,0,0,400,0
1959,0,0,1,6000,public sector,30900,Owner,62464,0,0,1400,0,0,0
1964,0,0,1,0,private sector,18300,With parents,0,0,0,0,0,0,0
1944,2,0,1,0,private sector,15464,Owner,59392,54464,2240,0,0,0,0
1961,0,0,1,0,private sector,33000,With parents,0,0,100,500,0,0,0
1913,0,0,1,0,retired,45000,Owner,6784,4,0,0,0,400,0
1929,1,0,1,0,self employed,36000,Owner,23392,38464,1048,0,0,0,1
1955,2,0,1,0,self employed,48928,Owner,41248,48928,1960,0,0,0,1
1944,0,0,0,0,Government,30900,Owner,58928,54464,840,440,0,80,0
1947,2,0,1,0,self employed,0,Tenant Unfurnished,0,0,0,0,0,0,0
1965,0,0,1,0,private sector,15000,With parents,0,0,0,0,0,0,1
1926,0,0,1,0,private sector,15600,Owner,18464,28000,240,0,0,0,1
1947,0,0,1,0,private sector,22500,Owner,23392,30464,888,0,0,0,1
1940,1,0,1,14500,Government,57000,Owner,12320,12464,680,0,0,80,0
1936,0,0,1,0,Government,16947,Tenant Unfurnished,0,0,0,0,464,0,0
1963,0,0,1,5200,private sector,11700,Owner,22464,0,540,264,100,160,1
1926,0,0,1,0,retired,17400,Owner,22464,4,0,0,464,0,0
1937,1,0,1,0,Government,51000,Owner,36928,8864,712,0,0,0,1
1935,0,0,1,0,private sector,21000,Owner,34464,0,240,0,0,0,0
1964,0,0,1,0,Government,18252,With parents,0,0,0,0,0,0,0
1964,0,0,1,0,private sector,12000,With parents,0,0,0,0,0,0,0
1956,1,0,1,8050,Government,43500,Owner,8928,62464,1168,0,56,0,0
1956,0,0,1,11300,private sector,24000,Owner,48928,58464,880,304,0,0,0
1942,1,2,1,5040,private sector,27000,Owner,4928,54464,772,0,0,0,0
1964,0,0,1,0,private sector,27000,With parents,0,0,400,472,0,0,0
1931,2,0,1,0,private sector,31500,Owner,63392,50000,728,0,0,0,0
1961,1,0,1,0,private sector,31671,Owner,12928,928,540,316,0,120,1
1947,2,0,1,0,private sector,18000,Tenant Unfurnished,0,0,400,0,0,0,0
1956,0,0,1,0,private sector,17700,tenant furnished,0,0,400,0,0,0,0
1949,1,0,1,9600,private sector,22500,Owner,43392,4928,1440,0,0,160,1
1958,0,0,1,0,private sector,18000,Owner,0,0,400,0,0,0,0
1919,0,0,1,0,retired,0,Owner,0,0,0,0,0,0,1
1951,2,0,1,0,private sector,33000,Owner,46464,60000,428,132,504,0,0
1969,0,0,1,0,student,4329,With parents,0,0,0,0,0,0,0
1956,1,0,0,0,private sector,24464,Owner,56928,56928,1920,0,0,1200,0
1967,0,0,1,0,student,10500,With parents,0,0,288,0,0,0,0
1929,0,0,0,0,self employed,0,Owner,0,0,0,0,0,0,0
1964,0,0,0,0,private sector,16500,Owner,26464,26464,668,96,160,0,0
1952,2,0,1,0,private sector,25500,Owner,38464,0,768,0,0,0,0
1948,3,0,1,0,private sector,464,Owner,23392,2464,0,0,0,0,0
1962,0,0,1,8000,private sector,24000,Owner,26464,0,680,0,0,0,0
1967,0,0,1,0,student,6000,With parents,0,0,0,0,0,0,0
1937,1,0,1,1300,private sector,31500,Tenant Unfurnished,0,0,392,0,152,160,0
1953,3,0,1,0,self employed,34500,Owner,10928,14464,660,0,0,0,0
1967,0,0,1,0,student,0,With parents,0,0,0,0,0,0,0
1938,0,2,1,0,retired,10947,Tenant Unfurnished,0,0,0,0,0,28,0
1951,1,0,1,2000,private sector,36000,Owner,20928,34464,720,200,0,0,0
1955,3,0,1,0,private sector,24000,Owner,50464,30464,880,0,0,0,0
1956,3,0,1,0,military,55200,Tenant Unfurnished,0,0,560,200,600,200,0
1952,3,0,1,0,private sector,19500,Owner,60000,4,0,0,0,0,0
1965,0,0,1,0,private sector,10476,With parents,0,0,240,0,80,0,1
1950,2,0,0,0,military,39000,Owner,28928,42464,1000,240,0,0,0
1919,0,0,1,1209,retired,19761,Tenant Unfurnished,0,0,340,52,0,0,0
1943,1,0,1,0,private sector,27000,Tenant Unfurnished,0,0,360,0,0,0,0
1953,2,0,1,0,Government,39132,Owner,60928,14464,760,0,0,0,0
1964,0,0,1,0,private sector,9600,With parents,0,0,224,0,0,0,0
1953,1,0,1,0,private sector,52500,Owner,24928,54464,1108,348,0,0,0
1966,0,0,1,0,student,5700,With parents,0,0,356,0,0,0,0
1941,0,0,1,8000,private sector,36000,Owner,11392,6588,184,0,0,0,0
1950,4,0,1,7000,private sector,30000,Owner,8928,64000,500,540,0,0,1
1951,0,0,1,0,Government,9600,Tenant Unfurnished,0,0,256,0,0,0,0
1937,3,0,1,22500,private sector,1964,Owner,21248,4,0,1600,0,2400,0
1956,0,0,1,0,private sector,30000,Owner,42464,16464,744,188,0,0,1
1927,0,0,1,0,retired,18000,Owner,0,0,0,0,0,0,0
1959,0,0,1,0,private sector,31500,Owner,58464,26464,640,0,0,200,1
1928,0,0,1,5200,self employed,0,Owner,43392,4,0,0,0,0,0
1951,1,0,0,0,private sector,54000,Owner,3392,22928,1580,0,0,0,0
1948,2,0,1,4200,private sector,54000,Owner,43392,56000,0,0,1600,0,0
1958,0,0,1,0,private sector,43500,Owner,20928,0,800,0,0,280,1
1929,0,0,1,0,Government,60000,Owner,0,0,0,0,0,0,0
1948,2,0,1,5500,private sector,3000,Tenant Unfurnished,0,0,0,0,0,0,1
1948,3,0,1,3000,private sector,22500,tenant furnished,0,0,408,240,0,0,0
1952,3,0,1,0,Government,51900,Tenant Unfurnished,0,0,1360,480,0,160,0
1962,1,0,1,2356,Government,27000,Tenant Unfurnished,0,0,500,100,340,60,0
1964,0,0,1,0,Government,17250,tenant furnished,0,0,336,0,0,0,0
1950,0,0,1,9473,Government,36000,Owner,60928,32464,720,0,0,0,0
1930,0,0,1,0,private sector,6240,Owner,0,0,0,0,0,0,0
1966,0,0,1,0,private sector,14625,With parents,0,0,240,92,160,0,0
1965,0,0,1,0,private sector,15054,With parents,0,0,0,0,0,40,0
1955,2,0,1,0,private sector,60000,Owner,8928,26464,800,0,356,0,0
1954,1,0,1,10000,Government,6900,Owner,36928,6400,512,76,0,0,0
1938,0,0,1,0,Government,32769,Owner,2464,0,0,160,0,0,0
1933,0,0,0,0,self employed,9464,Owner,10176,4,0,0,0,0,0
1923,0,0,1,0,retired,14400,Owner,8928,5440,272,0,0,0,0
1951,2,0,1,0,private sector,42600,Owner,4928,4,0,0,0,0,0
1941,3,0,1,1976,private sector,17940,Tenant Unfurnished,0,0,496,124,0,0,0
1942,1,0,1,0,Government,17100,Tenant Unfurnished,0,0,352,432,0,80,0
1954,1,2,1,0,private sector,30000,Owner,38464,14400,212,0,0,0,0
1931,0,0,1,0,private sector,18750,Tenant Unfurnished,0,0,0,212,0,0,0
1958,0,0,1,0,Government,15300,tenant furnished,0,0,480,0,0,0,0
1958,0,0,1,0,private sector,33600,With parents,0,0,0,0,0,120,0
1939,0,0,1,0,housewife,0,Owner,46464,26464,0,0,0,0,1
1940,0,0,1,0,private sector,48000,Owner,52320,28928,0,400,0,0,0
1957,2,0,1,0,Government,31500,Owner,48928,54464,944,0,0,0,0
1940,1,0,1,6000,self employed,45000,Owner,11392,56000,408,216,0,200,0
1938,2,0,1,0,public sector,54000,Owner,4928,28000,324,640,0,240,1
1912,0,0,1,0,retired,0,Tenant Unfurnished,0,0,276,0,0,0,0
1964,0,0,1,0,private sector,19500,With parents,0,0,400,344,0,0,0
1949,3,0,1,0,private sector,42000,Other,0,0,0,1080,0,0,1
1952,2,0,1,0,self employed,22500,Owner,34464,4,0,0,0,80,0
1957,0,0,1,8500,Government,28200,Owner,46464,18464,644,240,520,20,0
1967,0,0,1,0,student,5580,tenant furnished,0,0,272,0,0,0,0
1958,0,0,1,0,private sector,24464,Tenant Unfurnished,0,0,0,0,0,0,0
1967,0,0,1,0,private sector,12900,With parents,0,0,240,0,0,0,0
1956,0,0,1,0,private sector,24000,Owner,64000,0,400,0,0,120,1
1957,0,0,1,0,private sector,22500,With parents,0,0,0,0,0,0,0
1940,0,0,1,8000,private sector,15000,Owner,24928,56000,416,384,0,0,0
1968,0,0,1,0,student,5703,tenant furnished,0,0,400,0,0,0,0
1966,0,0,1,0,student,6600,With parents,0,0,400,0,0,0,0
1964,0,0,1,0,private sector,17739,tenant furnished,0,0,320,0,0,0,0
1956,1,0,1,0,private sector,30000,Owner,8928,34464,848,0,128,96,0
1959,0,0,1,0,private sector,36000,Owner,52928,24928,1684,228,208,0,1
1957,0,0,1,8200,private sector,54000,Owner,8320,5856,2400,580,0,0,0
1952,4,0,1,0,private sector,48000,Owner,57856,28928,1296,280,0,200,0
1959,1,0,1,0,Government,13500,Owner,46464,34464,0,0,0,0,0
1952,1,0,1,11500,housewife,0,Owner,15392,60000,388,0,0,0,0
1964,0,0,0,7800,Government,19800,Owner,30464,26464,0,0,0,0,0
1945,1,1,1,0,self employed,18000,Tenant Unfurnished,0,0,392,0,0,0,0
1960,0,0,1,0,public sector,22500,With parents,0,0,320,320,0,0,0
1946,2,0,1,0,self employed,45000,Owner,28928,1928,1400,920,0,0,0
1968,0,0,1,0,private sector,8100,With parents,0,0,0,0,0,0,0
1961,0,0,0,9100,private sector,38100,Owner,49464,48464,600,0,0,120,0
1927,0,0,1,3321,private sector,45000,Owner,9856,28000,320,608,100,0,1
1963,1,0,1,12000,self employed,3000,Owner,6464,48000,440,0,208,0,0
1963,0,0,1,0,private sector,12000,With parents,0,0,0,0,0,0,0
1967,0,0,1,0,student,7500,With parents,0,0,0,0,0,0,0
1966,0,0,1,0,private sector,16500,tenant furnished,0,0,340,0,0,0,0
1940,0,0,0,0,public sector,60000,Owner,37856,34464,0,0,0,0,0
1935,2,0,1,0,private sector,19500,Owner,48928,4800,0,0,0,0,0
1959,0,0,1,0,Government,15300,Other,0,0,400,0,0,40,1
1960,0,0,1,0,private sector,41700,tenant furnished,0,0,440,600,0,400,0
1937,0,0,1,15000,housewife,0,Owner,3392,4,0,0,0,0,0
1947,0,0,0,0,self employed,0,Other,0,0,0,0,0,0,0
1944,2,1,1,3000,private sector,18000,Owner,54464,56000,432,0,0,60,0
1963,0,0,1,0,Government,25500,With parents,0,0,0,0,0,0,0
1964,1,0,1,0,private sector,15000,Owner,57856,35392,0,0,0,0,0
1914,0,0,1,0,retired,9900,Owner,54464,4,0,0,0,0,0
1935,2,0,1,0,self employed,30000,Owner,54464,4,0,0,0,0,0
1959,0,0,1,0,private sector,45000,Owner,30464,2464,508,0,40,0,1
1952,3,0,1,1040,private sector,31200,Owner,28464,0,612,196,0,0,1
1958,0,0,1,3600,private sector,17493,Tenant Unfurnished,48928,0,0,0,0,0,0
1955,0,0,1,0,private sector,18000,Tenant Unfurnished,0,0,0,1000,0,0,0
1955,2,0,1,0,private sector,45000,Owner,32928,928,1360,204,0,40,0
1955,2,0,1,1100,Government,40950,Owner,8928,26464,744,0,120,80,0
1963,0,0,0,0,student,0,tenant furnished,0,0,0,0,0,0,0
1963,0,0,1,0,student,5538,tenant furnished,0,0,436,0,0,0,0
1948,0,0,1,0,Government,29739,Other,0,0,0,1048,0,0,0
1941,0,0,1,12000,private sector,18000,Owner,18464,40000,116,1128,0,0,0
1965,0,0,1,0,private sector,13065,With parents,0,0,240,0,0,0,0
1911,0,0,1,0,retired,0,Other,0,0,0,0,0,0,0
1949,4,0,1,0,Government,25484,Owner,3392,8928,648,0,0,0,0
1915,0,0,1,0,retired,27000,Owner,28928,0,0,0,0,0,1
1957,1,0,1,0,self employed,54000,Owner,63392,8928,840,0,0,0,0
1962,0,0,1,0,public sector,30000,With parents,0,0,400,0,0,0,0
1964,0,0,0,0,student,5862,tenant furnished,0,0,44,0,0,0,0
1948,2,0,1,5000,private sector,60000,Owner,39104,4,0,0,0,0,0
1937,2,0,1,10000,private sector,60000,Owner,17856,42464,1480,0,0,0,0
1952,0,0,1,0,self employed,0,Owner,0,0,1160,0,0,0,1
1966,0,0,1,0,private sector,21600,tenant furnished,0,0,400,60,0,28,1
1918,0,0,1,0,retired,0,tenant furnished,0,0,0,0,0,0,1
1958,2,0,1,3750,self employed,24464,Tenant Unfurnished,0,0,480,0,0,200,0
1962,0,0,1,0,Government,0,With parents,0,0,0,0,0,0,1
1963,1,0,0,0,Government,27000,Tenant Unfurnished,0,0,320,152,0,40,0
1948,3,0,1,0,Government,31887,Owner,18464,18464,732,80,232,0,0
1967,0,0,1,0,student,0,With parents,56928,0,0,0,0,0,0
1956,0,0,1,9000,private sector,8640,Owner,36928,30464,820,0,0,0,0
1939,1,0,1,10000,private sector,52500,Owner,57856,60000,680,400,0,0,0
1969,0,0,1,0,Government,9000,With parents,0,0,0,0,0,0,1
1967,0,0,1,0,student,7200,tenant furnished,0,0,380,0,0,0,0
1951,0,0,1,5250,private sector,14628,tenant furnished,0,0,280,0,0,0,0
1954,2,0,1,3300,Government,42000,Owner,8928,50464,848,0,0,80,0
1966,0,0,1,0,Government,19500,Other,0,0,0,0,0,0,0
1945,0,0,0,0,private sector,22800,Tenant Unfurnished,0,0,600,0,0,0,0
1936,0,0,1,0,Government,15600,Tenant Unfurnished,0,0,352,0,0,0,0
198,0,0,1,10313,retired,36855,Owner,48928,4,0,0,0,0,0
1950,2,0,1,0,private sector,52500,Owner,3392,30464,716,808,260,0,0
1963,0,0,1,10000,private sector,17160,Owner,46464,46464,820,120,0,0,0
1948,1,2,1,8512,private sector,26802,Tenant Unfurnished,0,0,440,0,0,0,1
1957,0,0,1,0,private sector,21000,Tenant Unfurnished,0,0,60,400,0,100,0
1949,2,0,1,0,Government,46917,Owner,63392,34464,816,0,0,0,0
1946,2,0,1,20000,private sector,42000,Owner,28928,12000,240,0,0,0,0
1960,1,0,1,0,private sector,42000,Owner,52320,54464,1020,0,0,300,0
1944,1,0,1,16000,Government,9696,Owner,28928,56000,0,0,0,0,0
1956,0,0,1,0,private sector,18600,Other,0,0,0,0,0,120,0
1944,2,0,1,1600,self employed,30000,Other,0,0,200,360,160,0,0
1954,3,0,1,0,self employed,21000,Tenant Unfurnished,0,0,384,1040,0,0,0
1932,0,0,1,0,self employed,0,Owner,0,0,0,0,0,0,0
1964,0,0,1,0,Government,36000,With parents,0,0,0,0,0,0,0
1954,1,0,1,0,private sector,36000,Owner,62464,62464,680,100,0,0,0
1962,0,0,0,0,private sector,25500,Tenant Unfurnished,0,0,340,132,0,0,0
1937,0,0,1,16600,Government,16497,Owner,54464,4,0,0,0,0,0
1937,2,1,1,0,military,12464,tenant furnished,0,0,480,0,0,1000,0
1965,0,0,1,0,Government,21000,With parents,0,0,0,0,0,0,0
199,0,0,1,0,retired,0,Owner,60000,0,0,0,0,0,0
1924,0,0,1,550,retired,46500,Owner,23392,4,0,0,0,0,0
1943,2,0,1,30000,self employed,37856,Owner,10176,54464,0,0,0,0,0
1946,2,0,1,0,private sector,6464,Owner,3392,46000,400,0,0,0,0
1964,0,0,0,0,private sector,36000,tenant furnished,0,0,800,400,0,0,0
1934,0,0,1,5500,private sector,16500,Owner,8928,0,0,0,0,0,0
1954,2,0,1,3000,private sector,60000,Owner,40464,0,1036,0,160,400,0
1938,1,1,1,0,private sector,25587,Tenant Unfurnished,0,0,312,0,0,0,1
1947,0,0,1,3000,private sector,16500,Tenant Unfurnished,0,0,0,192,40,0,1
1969,0,0,1,0,military,15000,tenant furnished,0,0,0,0,0,0,1
1925,0,0,1,0,private sector,31500,Owner,58464,0,0,0,0,0,1
1962,0,0,1,0,Government,24327,Owner,22464,8896,592,0,0,0,0
1965,0,0,1,0,student,5325,tenant furnished,0,0,600,0,0,0,0
1930,0,0,1,40000,retired,0,Owner,0,0,0,0,0,0,0
1948,0,0,1,0,private sector,20220,Owner,26464,34000,0,668,0,0,1
1946,0,0,1,0,private sector,30000,Owner,48000,12000,160,320,0,0,0
1966,0,0,1,0,private sector,16200,With parents,0,0,0,228,0,0,0
1968,0,0,1,0,student,6900,With parents,0,0,0,0,0,0,0
1961,0,0,1,13000,private sector,0,Owner,28928,4,0,0,0,0,1
1932,0,0,1,0,private sector,35847,Tenant Unfurnished,0,0,300,0,444,0,0
1964,0,0,0,0,private sector,19500,Tenant Unfurnished,0,0,240,208,80,0,0
1961,0,0,1,0,private sector,26265,With parents,0,0,0,0,480,40,0
1938,0,0,0,0,private sector,0,Other,6784,0,0,0,0,0,0
1932,1,0,1,3000,private sector,18464,Owner,27392,52000,376,580,0,160,0
1967,0,0,1,0,student,0,With parents,0,0,0,0,0,0,0
1958,0,0,1,0,private sector,34956,Owner,22464,64000,428,320,0,240,0
1960,0,0,1,0,public sector,34500,tenant furnished,0,0,560,0,0,0,0
1935,0,0,1,0,public sector,31200,Tenant Unfurnished,0,0,88,260,0,0,0
1938,0,0,1,0,private sector,36000,Owner,63392,30464,680,948,0,0,0
1964,0,0,1,0,private sector,19200,With parents,0,0,0,320,0,0,0
1930,1,0,0,0,private sector,34500,Tenant Unfurnished,0,0,0,472,0,0,1
1937,0,2,1,0,private sector,37440,Tenant Unfurnished,0,0,0,0,532,0,0
1932,1,0,1,0,retired,0,tenant furnished,0,0,0,0,0,0,1
1957,0,0,1,0,Government,40500,Owner,34464,8464,600,200,0,200,0
1921,1,0,0,0,retired,0,Tenant Unfurnished,0,0,0,0,0,0,1
1959,1,0,1,0,public sector,17700,Tenant Unfurnished,0,0,320,0,0,32,0
1921,0,0,1,0,retired,0,Owner,62464,4,0,0,0,0,0
1962,0,0,1,0,private sector,24600,Owner,46464,14464,624,0,224,0,0
1959,0,0,1,0,Government,24300,Owner,6464,49000,0,0,0,0,1
1947,2,0,1,0,public sector,21000,Owner,36928,52000,376,0,0,0,1
1963,0,0,1,5500,Government,30000,Tenant Unfurnished,0,0,0,300,80,80,0
1948,0,0,0,2000,private sector,24000,Owner,24928,59796,504,0,0,0,0
1933,0,0,1,0,retired,30000,Owner,8928,4,0,0,0,0,0
1948,1,0,1,0,private sector,6464,Owner,56928,8928,1480,1000,728,100,0
1948,2,0,1,9500,private sector,9464,Owner,63392,54464,1400,0,0,0,0
1946,0,0,1,10800,private sector,20250,Tenant Unfurnished,0,0,0,0,0,0,1
1942,0,0,1,0,Government,34947,Owner,62464,0,600,100,48,0,1
1955,1,0,0,0,private sector,12464,Other,0,0,0,0,0,0,0
1950,0,0,1,4000,self employed,15000,Owner,48928,64000,1000,0,0,0,1
1937,3,0,1,0,Government,64500,Owner,64464,28464,888,0,52,0,0
1968,0,0,1,0,private sector,9000,With parents,0,0,0,0,0,0,0
1926,0,0,1,0,self employed,15928,Owner,37856,4,0,0,0,0,0
1938,3,0,1,0,private sector,36000,Owner,54464,26000,320,0,0,0,0
1945,0,0,1,4000,self employed,30000,Tenant Unfurnished,0,0,476,400,0,0,0
1958,0,0,1,0,private sector,22500,With parents,0,0,800,0,0,0,0
1962,0,0,1,4056,private sector,27000,Owner,26464,1396,492,0,0,0,0
1955,2,0,1,0,private sector,39000,Owner,40928,24928,1152,0,0,0,0
1936,2,0,1,0,Government,0,Owner,30464,7200,224,0,0,0,1
1965,1,0,0,6858,housewife,0,tenant furnished,0,0,352,0,0,80,1
1944,3,0,1,0,private sector,60000,Owner,17856,60000,400,0,0,400,0
1953,0,0,1,10200,private sector,33000,Owner,17856,30464,800,0,0,0,0
1951,1,0,1,20000,private sector,12600,Owner,28928,34464,720,0,0,0,0
1958,0,0,1,0,Government,25653,With parents,0,0,0,220,0,0,0
1963,0,0,1,0,Government,20400,With parents,0,0,200,0,0,300,0
1969,0,0,1,0,private sector,12162,With parents,0,0,200,0,0,0,0
1944,2,0,1,15000,private sector,9000,Owner,53392,30464,680,0,0,0,1
1950,2,0,1,2671,Government,31260,Owner,48928,2464,496,0,0,0,0
1948,1,0,1,0,Government,38511,Owner,48464,2464,500,0,0,100,0
1962,1,0,1,1440,private sector,21000,Tenant Unfurnished,0,0,444,76,116,0,0
1951,2,0,1,0,private sector,15180,With parents,0,0,0,0,0,0,0
1959,0,0,1,0,Government,22200,tenant furnished,0,0,0,0,0,0,0
1968,0,0,1,0,student,0,Other,0,0,132,0,0,0,0
1965,0,0,1,0,private sector,15000,With parents,0,0,0,0,0,0,0
1962,0,0,1,10000,private sector,15000,Owner,34464,2464,548,0,0,0,0
1949,1,0,0,0,private sector,10500,Owner,10464,36000,348,0,0,0,0
1916,0,0,1,0,retired,0,Owner,0,0,0,0,0,0,0
1932,0,0,1,6000,private sector,30000,Owner,27392,10000,100,720,0,200,0
1952,0,0,1,0,private sector,14040,With parents,0,0,0,120,0,40,1
1963,0,0,1,0,Government,20250,Owner,6464,60000,436,0,0,0,1
1925,0,0,1,0,retired,0,Owner,54464,4,0,0,0,0,0
1962,0,0,1,0,private sector,26520,With parents,0,0,0,0,72,0,0
1965,0,0,0,0,Government,9276,Other,0,0,96,0,0,0,0
1916,0,0,1,0,retired,0,Owner,2928,4,0,0,0,0,1
1966,0,0,0,0,private sector,26571,Other,0,0,0,0,0,0,1
1948,2,0,1,0,private sector,9464,Owner,17856,2464,0,0,0,0,0
1933,2,0,1,1500,public sector,464,Owner,3392,56000,448,400,0,0,0
1949,0,0,0,0,private sector,16500,With parents,0,0,0,0,0,0,1
1963,0,0,1,0,private sector,24000,Owner,10464,0,740,0,0,0,0
1962,0,0,0,4700,private sector,15000,Owner,48000,0,320,328,0,0,0
1957,1,0,1,0,housewife,0,Owner,0,0,0,0,0,0,0
1960,0,0,1,0,private sector,13284,Other,0,0,0,188,0,0,0
1919,0,0,1,0,retired,6846,Other,0,0,0,0,0,0,1
1933,0,0,1,9000,private sector,13434,Owner,42464,56000,240,0,0,80,0
1944,1,0,1,0,private sector,15000,Owner,43392,4,0,0,0,0,0
1959,1,1,0,0,private sector,35460,Owner,12928,62464,900,0,0,44,1
1957,0,0,1,0,military,33000,With parents,0,0,520,0,0,0,0
1968,0,0,1,0,student,0,With parents,0,0,0,0,0,0,0
1965,0,0,1,0,private sector,21000,With parents,0,0,0,800,0,0,0
1951,2,0,1,0,private sector,21000,Owner,50464,0,0,0,0,40,0
1950,2,0,1,7518,private sector,27000,Owner,54464,54800,384,0,160,0,0
1947,2,0,1,0,private sector,33000,Owner,18464,32000,276,0,316,292,0
1934,1,0,0,0,Government,24900,Owner,63392,4,0,280,0,0,0
1965,0,0,1,0,student,0,tenant furnished,0,0,0,0,0,0,0
1930,0,0,1,0,self employed,9464,Owner,0,0,0,0,0,0,1
1945,1,0,1,8000,self employed,24000,Owner,32320,0,0,0,0,0,1
1965,0,0,1,0,private sector,20100,With parents,0,0,0,256,0,0,0
1955,2,0,1,17000,housewife,0,Owner,10176,54464,0,0,0,0,0
1954,0,0,1,6700,private sector,46500,Owner,58464,2464,480,0,0,0,0
1948,2,1,1,0,housewife,0,Owner,35392,4928,0,0,0,0,1
1943,1,0,1,0,housewife,0,Owner,10176,0,0,0,0,0,0
1960,0,0,1,0,Government,15390,With parents,0,0,0,0,0,0,0
1956,0,0,1,0,private sector,10500,tenant furnished,34464,0,0,0,0,0,0
1924,0,0,1,0,self employed,30000,Owner,44928,0,0,0,0,0,1
1956,0,0,1,0,private sector,21000,Tenant Unfurnished,0,0,160,228,0,0,0
1967,0,0,1,0,student,0,With parents,0,0,0,0,0,0,0
1961,0,0,1,0,student,0,With parents,0,0,0,0,0,0,0
1955,0,0,1,17446,housewife,0,tenant furnished,0,0,0,0,0,0,0
1963,0,0,0,0,unemployed,0,tenant furnished,0,0,0,0,0,0,1
1951,2,0,1,2000,Government,39000,Owner,62464,18464,660,416,0,0,0
1956,1,0,1,0,private sector,33000,Tenant Unfurnished,0,0,120,280,0,0,0
1968,0,0,1,0,Government,17739,With parents,0,0,0,0,0,0,0
1932,0,1,1,2152,public sector,36969,tenant furnished,0,0,464,184,0,0,0
1950,0,0,1,7000,Government,36000,Owner,3392,40000,400,0,0,0,0
1963,0,0,1,6000,military,24600,Owner,34464,0,608,460,0,0,0
1953,1,0,1,0,private sector,21135,Tenant Unfurnished,0,0,200,0,0,0,0
1947,0,0,1,19500,private sector,13500,Owner,27392,16928,0,0,0,280,0
1954,2,0,1,6984,private sector,22500,Owner,46464,2464,492,180,80,160,0
1965,0,0,0,0,Government,17100,Other,0,0,240,0,0,0,0
1946,1,0,1,0,Government,9768,With parents,0,0,0,0,0,120,0
1961,0,0,1,6420,private sector,19200,Other,0,0,0,392,0,0,1
1952,2,0,1,0,Government,12048,Owner,18928,7696,92,248,0,0,0
1923,0,0,1,0,private sector,22500,Owner,34464,4,0,0,0,0,0
1967,0,0,1,0,student,0,Other,0,0,0,0,0,0,0
1961,0,0,1,2400,private sector,21900,Owner,8464,8464,532,0,0,0,0
1926,0,0,1,0,retired,6885,Owner,34464,4,0,0,0,0,0
1962,1,0,1,9000,private sector,42000,Owner,54464,0,800,0,0,0,0
1956,1,0,1,14226,Government,28797,Owner,4928,46464,776,0,0,0,0
1961,0,0,1,13000,Government,42000,Owner,54464,34464,720,0,80,0,0
1951,0,0,1,2230,self employed,24464,With parents,28928,0,0,0,928,0,0
1959,0,0,1,2000,self employed,24000,Tenant Unfurnished,0,0,160,0,0,0,0
1966,0,0,1,0,private sector,28800,With parents,0,0,0,0,0,240,0
1950,2,0,1,3000,private sector,19500,Owner,8928,0,784,0,120,24,0
1967,0,0,1,0,military,14400,Other,0,0,0,0,0,0,1
1965,0,0,1,0,private sector,21000,With parents,0,0,320,0,0,40,0
1917,0,0,1,0,retired,18000,Owner,17856,4,0,0,0,0,1
1950,2,0,1,0,private sector,21000,Tenant Unfurnished,0,0,484,0,128,0,0
1957,0,0,1,0,Government,36600,Owner,928,54464,1200,0,0,0,0
1954,0,0,1,0,Government,33000,tenant furnished,0,0,200,0,0,0,1
1942,0,0,1,10000,private sector,34800,Owner,46464,20000,540,0,0,200,0
1943,0,0,1,0,private sector,15858,Other,0,0,0,0,0,96,0
1929,0,0,1,13000,Government,12000,Owner,23392,16000,0,0,0,0,0
1911,0,0,1,0,retired,15000,Owner,28464,4,0,0,0,0,1
1961,1,0,1,0,self employed,0,With parents,0,0,0,0,0,0,1
1967,0,0,1,0,private sector,7290,With parents,0,0,0,0,0,0,0
1921,0,0,1,0,retired,0,Owner,8928,4,0,140,0,0,1
1967,0,0,1,0,private sector,19911,With parents,0,0,0,276,0,0,0
1938,1,0,1,5000,private sector,18000,Tenant Unfurnished,0,0,400,440,0,0,1
1935,0,0,1,0,private sector,28152,Owner,62464,36000,360,224,240,20,0
1964,0,0,1,0,private sector,24192,Owner,34464,0,684,0,204,0,1
1962,0,0,1,0,private sector,31812,With parents,0,0,200,0,0,240,0
1963,0,0,1,0,private sector,27000,tenant furnished,0,0,0,0,0,0,0
1937,1,0,1,2600,private sector,13500,Owner,37856,4,0,0,0,0,0
1932,0,0,1,0,no response,0,Tenant Unfurnished,0,0,0,0,400,0,0
1964,0,0,1,0,student,0,With parents,0,0,0,0,0,0,0
1936,0,0,1,0,housewife,0,Owner,17856,4,0,0,0,0,1
1916,0,0,0,0,retired,0,Other,0,0,0,0,0,0,1
1940,2,0,1,0,self employed,30000,Owner,0,0,0,0,0,0,0
1928,0,0,1,0,self employed,33000,Owner,28928,38464,1268,600,0,0,1
1929,0,0,1,0,Government,56400,Owner,28928,4000,92,0,0,0,0
1963,0,0,1,0,private sector,23700,With parents,0,0,0,320,0,200,0
1943,3,0,1,6500,private sector,28500,Tenant Unfurnished,0,0,720,380,0,0,0
1924,2,0,1,0,Government,3884,Owner,37856,4,0,0,0,0,0
1948,1,1,1,2000,Government,45900,Owner,36928,22464,800,0,0,0,0
1910,0,0,1,0,retired,20250,Owner,17856,4,0,0,0,0,1
1928,0,0,1,0,private sector,27000,Owner,23392,0,0,0,0,320,0
1946,3,0,1,0,private sector,30464,Owner,36928,34464,852,560,52,0,0
1922,0,0,1,5000,retired,9000,Owner,8928,0,0,0,0,0,1
1950,0,0,1,0,self employed,15600,Owner,20928,32000,320,0,0,0,1
1953,0,0,1,0,private sector,60000,Owner,12928,26464,880,0,0,200,0
1963,0,0,1,0,private sector,24000,With parents,0,0,0,0,0,0,0
1915,0,0,1,0,retired,15000,Owner,48928,4,0,0,0,0,0
1963,0,0,1,0,private sector,30000,With parents,0,0,0,580,0,0,0
1946,1,0,1,3000,self employed,30000,Owner,3392,62464,1200,0,0,100,1
1943,0,0,1,0,Government,9360,tenant furnished,0,0,408,0,0,0,0
1968,0,0,1,0,private sector,0,With parents,0,0,0,0,0,60,0
1946,2,0,1,0,private sector,60000,Owner,63392,54464,824,0,0,200,1
1950,1,0,1,0,Government,54000,Owner,37856,54464,1088,0,0,0,1
1944,3,0,1,0,Government,49167,Owner,12928,56000,308,476,0,56,0
1934,1,0,1,2000,Government,36000,Tenant Unfurnished,0,0,96,200,0,0,0
1944,0,0,1,17800,private sector,30000,Owner,37856,34464,688,0,0,0,0
1960,0,0,1,0,Government,37800,tenant furnished,0,0,520,400,0,40,0
1959,0,0,1,0,private sector,45000,Owner,8928,54464,1176,0,364,0,1
1961,0,0,1,0,private sector,18900,Other,0,0,0,200,0,0,0
1968,0,0,1,0,private sector,13500,With parents,0,0,0,0,0,92,0
1925,0,0,1,0,private sector,57258,Owner,43392,4,0,0,1464,0,0
1968,0,0,1,0,private sector,8112,With parents,0,0,0,0,0,0,1
1956,0,0,1,0,private sector,15600,tenant furnished,0,0,480,0,0,0,0
1924,0,0,1,0,no response,13500,Owner,8928,4,0,0,0,0,1
1941,0,0,1,2500,private sector,16113,Tenant Unfurnished,0,0,640,552,0,0,0
1965,0,0,1,0,private sector,25500,tenant furnished,0,0,480,0,0,0,0
1942,0,0,0,0,private sector,12000,With parents,0,0,0,0,0,0,1
1961,0,0,1,0,private sector,27540,Owner,50464,0,984,0,160,0,0
1939,2,0,1,15000,housewife,0,Owner,43392,4,0,0,0,80,1
1926,0,0,1,0,retired,10500,Tenant Unfurnished,0,0,368,0,0,0,1
1964,0,0,1,0,Government,30870,With parents,0,0,0,0,0,0,0
1931,0,0,1,0,Government,40500,Owner,14464,0,0,0,0,0,0
1960,2,0,1,10000,Government,18264,Owner,14464,0,348,0,340,0,1
1966,0,0,1,0,private sector,13500,With parents,0,0,320,0,0,0,0
199,0,0,1,0,retired,0,Owner,0,0,0,0,0,0,0
1967,0,0,1,0,student,0,With parents,0,0,0,0,0,0,0
1928,0,0,1,0,private sector,14400,Owner,62464,0,0,0,0,0,0
1911,0,0,1,2910,retired,20700,Owner,46464,4,0,0,448,0,0
1947,1,0,1,0,private sector,27000,Tenant Unfurnished,0,0,576,388,0,0,0
1963,0,0,1,0,Government,23460,tenant furnished,0,0,800,200,0,0,0
1965,0,0,1,0,Government,16500,With parents,0,0,0,0,0,0,0
1955,2,0,1,4320,private sector,21600,Owner,46464,46464,744,440,0,0,1
1941,0,0,1,0,Government,37620,Owner,928,33988,0,420,0,160,0
1962,0,0,0,0,Government,18033,Owner,54000,38000,296,0,56,80,0
1962,0,0,0,0,Government,24327,With parents,0,0,280,148,0,40,0
1935,0,0,1,2000,private sector,27000,Tenant Unfurnished,0,0,400,0,120,0,0
1962,0,0,1,0,Government,32769,Owner,25464,22064,640,0,0,0,0
1967,0,0,1,0,private sector,12300,With parents,0,0,0,0,0,0,0
1960,0,0,1,8500,Government,40800,Owner,2928,53264,960,0,0,0,0
1958,1,0,0,14000,others,9000,Owner,8928,0,0,0,0,0,1
1927,0,0,1,768,retired,0,tenant furnished,0,0,184,0,0,0,1
1942,1,0,1,0,self employed,25500,Owner,54464,57600,424,0,0,0,1
1930,0,0,1,2800,self employed,14400,Owner,64000,32800,268,0,0,0,1
1958,0,0,1,0,private sector,27000,With parents,0,0,0,232,0,0,0
1938,3,0,1,15000,private sector,5760,Owner,63392,34464,744,0,0,0,0
1963,0,0,1,0,Government,19500,tenant furnished,0,0,0,0,0,0,0
1960,1,0,1,0,private sector,24000,Owner,42464,24464,800,0,440,0,0
1933,0,0,1,14000,Government,51000,Owner,14464,0,0,0,0,0,0
1932,0,0,1,0,retired,16200,With parents,0,0,0,0,0,0,0
1967,0,0,1,0,private sector,19347,With parents,0,0,0,0,0,0,0
1968,0,0,1,0,student,5400,With parents,0,0,0,0,0,0,1
1961,0,0,1,8200,private sector,36000,Owner,38464,26464,704,0,548,0,0
1954,1,0,1,0,private sector,53208,Owner,1392,14464,800,420,0,200,0
1940,3,0,1,0,Government,9014,Owner,9856,14464,0,0,0,0,0
1947,2,0,1,0,private sector,19500,Tenant Unfurnished,0,0,0,0,0,0,0
1945,1,0,1,0,Government,45600,Owner,3392,24928,1388,500,0,0,0
1918,0,0,1,0,self employed,27000,Owner,21248,28000,240,0,0,0,0
1962,0,0,0,0,private sector,22500,tenant furnished,0,0,120,0,0,0,1
1966,0,0,0,0,student,0,Other,0,0,320,0,0,0,1
1950,2,0,1,2200,Government,45000,Owner,8928,7264,492,316,0,40,0
1927,0,0,1,0,retired,0,Owner,23392,4,0,200,0,0,1
1964,0,0,1,0,private sector,22500,Other,0,0,320,400,0,0,0
1960,0,0,0,0,Government,20100,With parents,0,0,480,216,0,0,0
1959,0,0,1,0,Government,30699,With parents,0,0,0,0,0,0,0
1948,2,1,1,0,private sector,14864,Owner,23392,26464,528,0,0,0,0
1930,0,0,1,0,Government,12000,Tenant Unfurnished,0,0,0,0,0,0,0
1946,2,0,1,0,public sector,36464,Owner,63392,34464,960,0,0,1200,0
1960,0,0,0,0,unemployed,14400,With parents,0,0,160,0,0,0,0
1962,0,0,1,0,private sector,15000,With parents,0,0,0,0,0,0,0
1968,0,0,1,0,student,0,With parents,0,0,0,0,0,0,0
1929,0,0,1,2488,private sector,31500,Owner,28928,16000,320,500,0,80,0
1942,0,0,1,0,self employed,30000,Owner,43392,22464,800,372,0,0,0
1949,4,0,1,0,housewife,15660,Owner,18464,40000,340,0,0,0,0
1946,2,0,1,2800,private sector,61500,Owner,48928,40000,320,0,0,400,0
1954,0,0,1,0,self employed,60000,Tenant Unfurnished,0,0,408,0,0,0,0
1965,0,0,0,0,Government,18000,Tenant Unfurnished,0,0,288,0,0,0,0
1938,0,0,1,0,private sector,27000,Tenant Unfurnished,0,0,0,0,0,0,1
1964,0,0,1,0,Government,36000,With parents,0,0,0,0,0,0,0
1960,0,0,1,0,public sector,25500,tenant furnished,0,0,520,0,0,0,1
1958,0,0,1,5600,private sector,36600,Owner,62464,33264,760,120,0,0,0
1967,0,0,1,0,Government,12537,With parents,0,0,400,0,0,0,0
1935,1,0,1,7367,private sector,18087,Tenant Unfurnished,0,0,0,0,0,0,0
1965,0,0,1,0,Government,26400,tenant furnished,0,0,320,0,0,0,0
1949,4,0,1,1500,private sector,30000,Owner,43392,14464,0,0,0,0,0
1963,0,0,1,0,private sector,21000,With parents,0,0,640,0,0,0,0
1911,0,0,1,0,retired,0,Owner,12928,4,0,0,0,0,1
1942,0,0,1,0,Government,19092,Owner,0,0,0,216,0,0,0
1929,0,0,1,11649,private sector,45000,Owner,28928,26000,820,300,0,0,0
1969,0,0,1,0,student,0,With parents,0,0,0,0,0,0,1
1954,3,0,1,0,self employed,37856,Owner,28032,4,0,0,0,0,0
1918,0,0,1,2461,retired,16131,Owner,46464,4,0,0,0,0,0
1957,1,1,1,0,private sector,27000,Tenant Unfurnished,0,0,520,0,0,0,0
1949,0,0,1,0,Government,46500,Owner,54464,10464,640,0,0,0,0
1918,2,0,1,0,retired,0,Owner,17856,0,0,0,0,0,0
1946,0,0,1,0,self employed,43200,Owner,54464,24000,340,0,0,0,0
1962,1,0,1,0,self employed,9360,Owner,0,0,0,0,0,0,1
1964,0,0,1,0,private sector,0,With parents,0,0,0,0,0,0,0
1927,0,0,1,0,private sector,20700,Owner,46464,11000,192,236,0,0,0
1941,2,0,1,3000,private sector,31500,Owner,8928,34000,240,0,0,0,0
1955,0,0,1,0,Government,43632,Owner,2928,34464,684,0,328,300,0
1940,0,0,1,30000,housewife,0,Owner,32320,54464,0,0,0,0,0
1937,0,0,1,0,private sector,54464,Owner,6784,4,0,0,0,0,0
1930,0,0,1,0,private sector,30000,Owner,34464,4,0,0,52,0,1
1966,0,0,1,0,student,0,With parents,0,0,0,0,0,0,1
1964,0,0,1,0,public sector,19290,With parents,0,0,0,0,32,0,0
1958,2,0,1,0,housewife,0,Tenant Unfurnished,0,0,0,0,0,0,1
1930,1,0,1,300,private sector,27000,Owner,13568,20000,200,0,0,240,1
1967,0,0,1,0,private sector,6024,With parents,16000,6000,0,0,0,0,1
1940,1,0,1,5227,private sector,11733,Tenant Unfurnished,0,0,280,184,76,0,0
1922,0,0,1,2200,self employed,58500,Owner,56928,36,0,0,0,0,1
1963,0,0,1,0,private sector,14820,With parents,0,0,320,140,0,0,1
1969,0,0,1,0,private sector,15000,With parents,0,0,0,0,0,40,0
1929,0,0,1,0,Government,15000,Owner,61248,54464,0,0,0,0,0
1935,0,0,1,0,self employed,18000,With parents,0,0,0,0,0,0,0
1956,2,1,1,0,self employed,36000,Owner,28464,2464,588,108,0,0,1
1946,1,0,1,5000,housewife,5850,Tenant Unfurnished,0,0,0,0,0,0,0
1964,0,0,1,0,self employed,0,With parents,0,0,0,0,400,0,1
1941,1,0,1,4000,private sector,33000,Tenant Unfurnished,0,0,552,280,0,160,1
1955,0,0,1,0,private sector,46562,tenant furnished,0,0,0,0,0,0,0
1951,0,0,1,0,private sector,55131,Owner,32320,48928,1600,0,0,0,0
1968,0,0,1,0,private sector,7200,With parents,0,0,80,0,0,0,1
1953,0,0,1,14700,Government,44100,Owner,8928,34464,704,624,0,0,0
1969,0,0,1,0,private sector,7488,With parents,0,0,0,0,0,0,0
1963,0,0,1,0,Government,18000,With parents,0,0,0,0,0,0,0
1952,0,0,1,15000,private sector,30000,Owner,23392,26464,664,0,0,80,0
1952,0,0,1,7000,private sector,39000,Owner,57856,4928,1000,560,360,180,0
1959,0,0,0,0,military,30000,Owner,60464,0,480,428,0,0,0
1934,0,0,1,9000,private sector,24000,Tenant Unfurnished,0,0,468,400,0,0,0
1958,0,0,1,9600,housewife,0,Owner,46464,12464,604,0,0,0,0
1968,0,0,1,0,Government,15900,With parents,0,0,0,0,0,0,0
1942,0,1,1,12000,military,7964,Tenant Unfurnished,0,0,800,0,0,0,0
1951,3,0,1,0,private sector,51000,Owner,12320,4928,1108,0,0,0,0
1938,0,0,1,5600,Government,42000,Owner,20928,4,0,0,0,0,0
1966,0,0,1,0,private sector,22200,tenant furnished,0,0,352,0,0,0,0
1953,0,1,1,0,private sector,9464,Owner,57856,54464,1000,0,0,0,0
1914,0,0,1,0,retired,0,Tenant Unfurnished,0,0,584,0,0,0,1
1956,0,0,1,0,Government,33000,With parents,0,0,0,920,0,0,1
1955,2,0,1,0,Government,31500,Owner,60928,54464,960,0,0,0,0
1918,0,0,0,0,retired,0,Owner,14464,4,0,0,0,0,1
1962,0,0,1,0,private sector,21000,With parents,0,0,0,0,0,0,0
198,0,0,1,0,retired,0,Tenant Unfurnished,0,0,0,0,0,0,1
1960,0,0,1,0,student,0,With parents,0,0,0,0,0,0,1
1961,2,0,1,0,private sector,16500,Other,0,0,0,0,0,0,1
1966,0,0,1,0,student,6000,With parents,0,0,160,0,0,0,0
1918,0,0,1,2000,retired,24000,Owner,3392,0,0,0,0,0,0
1962,1,0,1,0,private sector,19500,tenant furnished,0,0,388,0,0,0,0
1964,0,0,0,0,private sector,20100,tenant furnished,0,0,480,0,0,0,1
1940,2,0,1,0,Government,64800,Owner,17856,48000,368,0,0,0,1
1965,0,0,1,0,student,5538,With parents,0,0,400,0,0,0,0
1966,0,0,0,0,private sector,13800,tenant furnished,0,0,272,0,0,32,0
1961,0,0,1,0,private sector,33000,Owner,38464,24064,764,0,0,60,0
1942,1,0,1,7000,self employed,9000,Owner,20928,22464,880,0,0,0,1
1928,0,0,1,0,retired,0,Other,0,0,0,0,0,0,0
1956,0,0,1,0,private sector,24900,Tenant Unfurnished,0,0,0,0,552,0,0
1955,0,0,1,0,private sector,29700,tenant furnished,0,0,260,0,0,0,0
1922,0,0,1,0,retired,45000,Owner,3392,9600,1240,0,0,160,0
1941,1,0,1,0,self employed,0,Tenant Unfurnished,0,0,368,0,0,0,1
1951,2,0,1,2000,private sector,24000,Owner,8928,40000,368,200,0,0,1
1955,1,0,1,0,self employed,9464,Owner,63392,23392,1400,0,0,0,1
1937,0,1,1,0,military,13964,Owner,40928,28928,1520,656,0,0,0
1942,0,0,1,1230,private sector,39000,Owner,54464,40000,0,0,0,0,1
1962,0,0,1,8725,Government,27969,Owner,26464,21864,688,320,0,260,0
1961,0,0,1,2000,private sector,45000,Owner,62464,46464,840,0,580,0,0
1943,3,0,1,1872,private sector,21000,Tenant Unfurnished,0,0,388,0,100,0,1
1958,2,0,1,0,public sector,45000,Owner,17856,52464,800,0,0,0,0
1942,3,0,1,1680,public sector,24000,Owner,3392,46000,292,0,0,0,1
1966,0,0,1,0,self employed,0,With parents,0,0,0,0,0,0,0
1960,0,0,0,0,Government,19323,Other,0,0,0,0,0,0,1
1962,0,0,1,0,private sector,15000,With parents,0,0,340,0,0,0,0
1956,0,0,1,0,self employed,18000,With parents,0,0,0,0,0,0,1
1941,2,0,1,0,private sector,27000,Tenant Unfurnished,0,0,580,100,56,0,0
1963,0,0,1,0,self employed,15000,With parents,0,0,240,0,0,200,0
1966,0,0,1,0,private sector,17010,With parents,0,0,0,0,0,120,0
1964,0,0,1,0,private sector,24300,With parents,0,0,200,160,0,0,1
1952,0,0,1,11500,Government,36000,Owner,60464,60464,0,480,776,0,0
1943,2,0,1,0,private sector,57000,Owner,48928,44000,320,620,0,320,0
1910,1,0,1,0,retired,22500,Owner,6928,4,0,0,0,0,0
1967,0,0,1,0,private sector,13800,With parents,0,0,480,116,0,0,1
1961,0,0,1,0,private sector,19500,With parents,0,0,400,0,0,0,0
1959,0,0,1,0,private sector,9464,tenant furnished,0,0,0,0,0,0,0
1952,2,0,1,1000,private sector,9464,Owner,16960,54464,1200,0,0,0,0
1957,1,0,1,0,housewife,0,Owner,32928,0,0,0,0,0,1
193,0,0,1,0,retired,0,Owner,28928,4,0,0,0,0,1
1957,1,0,1,0,private sector,16200,Owner,2992,14928,0,0,0,0,0
1923,0,0,1,0,private sector,60000,Other,0,0,0,0,0,0,0
1962,2,0,1,0,self employed,20160,Owner,34464,32464,720,0,0,0,1
1967,0,0,1,0,student,5400,With parents,0,0,0,0,0,0,1
1958,0,0,1,10300,private sector,54000,Owner,63392,18464,560,560,0,0,0
1927,0,0,1,10192,housewife,0,Owner,8928,4,0,0,0,0,1
1957,1,0,0,4500,private sector,22500,Tenant Unfurnished,0,0,320,56,0,0,0
1956,2,0,1,0,private sector,54000,Owner,22464,54800,500,0,0,120,0
1960,0,0,1,0,private sector,30000,With parents,0,0,0,800,0,0,0
1963,0,0,1,0,private sector,31500,Owner,44464,39464,840,0,0,0,0
1963,0,0,1,0,Government,20043,tenant furnished,0,0,400,0,0,0,1
1915,0,0,1,0,retired,39000,Owner,48928,4,0,0,0,0,1
1969,0,0,1,0,student,0,With parents,0,0,0,0,0,0,0
1952,2,0,1,0,private sector,50256,Owner,30464,0,540,200,0,0,0
1964,0,0,1,0,Government,19818,tenant furnished,0,0,280,0,0,0,0
1950,0,0,1,0,Government,15588,Owner,0,0,0,0,0,0,0
1942,1,0,1,20000,housewife,0,Other,0,0,0,0,0,0,0
1949,2,0,1,2300,self employed,36000,Owner,8928,48000,348,680,0,0,0
1963,0,0,1,0,unemployed,0,With parents,0,0,0,0,0,0,0
1962,2,0,0,8500,Government,24000,Tenant Unfurnished,0,0,380,0,0,0,0
1963,0,0,1,7000,self employed,36000,Owner,22464,2464,320,0,0,0,0
1963,0,0,1,0,private sector,20100,With parents,0,0,400,0,0,0,0
1912,0,0,1,0,retired,0,Owner,54464,4,0,0,0,0,1
1947,0,0,1,0,private sector,12464,Owner,17856,44000,364,1040,0,0,1
1948,3,0,1,0,private sector,9464,tenant furnished,0,0,1000,0,0,0,0
1919,0,1,1,0,retired,0,Owner,0,0,0,0,0,0,0
1959,0,0,1,13000,private sector,25500,Owner,30464,0,680,0,0,400,0
1924,0,0,1,0,Government,10311,Tenant Unfurnished,0,0,448,0,0,0,0
1965,0,0,1,0,private sector,18000,tenant furnished,0,0,0,0,0,800,0
1947,0,0,1,0,Government,14976,Owner,0,0,0,320,0,0,0
1967,0,0,1,0,private sector,12000,With parents,0,0,160,200,0,0,0
1934,0,0,1,0,private sector,0,Owner,4464,0,180,0,0,0,1
1960,0,0,1,6500,Government,24000,Owner,0,0,468,240,0,0,1
1940,1,0,1,0,self employed,37440,Owner,54464,34464,760,436,312,0,1
1969,0,0,1,0,student,5400,With parents,0,0,0,0,0,0,1
1918,0,0,1,0,retired,0,Tenant Unfurnished,0,0,192,0,0,0,1
1951,2,0,1,2000,private sector,30000,Owner,8928,38464,740,160,120,20,0
1959,0,0,1,0,private sector,18300,Owner,22464,22464,568,0,0,0,1
1962,0,0,1,0,private sector,30000,With parents,0,0,0,0,0,0,0
1936,0,0,1,0,Government,40392,Owner,12320,0,1760,372,76,280,0
1967,0,0,1,0,private sector,18756,tenant furnished,0,0,440,0,0,0,0
1964,0,0,1,0,Government,22500,tenant furnished,0,0,480,0,0,0,0
1953,3,0,1,10000,private sector,13500,Owner,54464,26464,640,700,0,0,0
1931,0,0,1,0,Government,0,With parents,0,0,0,0,0,0,1
1939,0,0,1,0,Government,23232,Tenant Unfurnished,0,0,412,0,0,0,0
1947,2,0,0,3000,private sector,42000,Owner,14464,26000,244,0,200,0,0
1964,0,0,0,0,private sector,21000,tenant furnished,0,0,424,0,0,0,0
1919,0,0,1,0,retired,0,Tenant Unfurnished,0,0,68,0,0,0,0
1941,5,0,1,0,others,60000,Owner,0,0,0,0,0,0,0
1999,2,0,1,11070,private sector,36000,Owner,35392,28928,1576,0,0,1600,0
1930,0,0,1,0,private sector,13800,Owner,17856,0,0,0,0,0,0
1954,2,0,1,0,housewife,0,Tenant Unfurnished,0,0,0,0,0,0,1
1958,0,0,1,0,Government,25800,tenant furnished,0,0,0,0,1196,0,0
1959,0,0,1,17000,Government,21000,Owner,28928,0,0,0,0,0,1
1952,0,0,1,0,private sector,28575,Owner,48464,0,800,0,0,200,0
1959,0,0,1,0,private sector,25350,With parents,0,0,0,0,0,0,0
1941,2,0,1,20000,Government,18000,Owner,63392,62000,440,620,0,0,0
1939,1,0,1,2000,private sector,54000,Owner,37856,40000,480,0,0,0,0
1918,0,0,0,0,retired,8742,Tenant Unfurnished,0,0,380,0,0,120,0
1957,2,0,1,23000,housewife,0,Owner,3392,28928,0,0,0,0,0
1943,1,1,1,0,Government,51000,Owner,23392,4,0,440,120,0,0
1950,2,0,1,0,self employed,36000,Owner,48928,0,0,0,0,0,0
1933,0,0,1,0,retired,18000,Tenant Unfurnished,0,0,248,0,0,0,0
1967,0,0,1,0,private sector,12516,With parents,0,0,0,0,0,0,0
1969,0,0,0,0,private sector,13500,Owner,38464,4,0,0,0,0,1
1962,1,0,1,0,Government,36600,Tenant Unfurnished,28928,0,0,428,80,80,0
1942,2,0,1,0,self employed,0,Tenant Unfurnished,0,0,0,0,0,0,0
1968,0,0,0,0,student,0,With parents,0,0,0,0,0,0,0
1931,0,0,1,2704,private sector,18204,Tenant Unfurnished,0,0,424,0,408,0,1
1948,0,0,1,0,private sector,35271,Owner,54464,52000,380,0,0,0,1
1951,0,0,1,0,military,45000,Owner,51392,28928,1888,0,0,0,0
1960,2,0,1,4500,housewife,0,Owner,8928,59200,600,80,0,0,0
1926,2,0,1,10000,housewife,0,Owner,21856,4,0,0,0,0,1
1933,0,0,1,0,private sector,15990,Tenant Unfurnished,0,0,0,0,0,0,1
1930,0,0,1,0,retired,13140,Owner,28928,0,0,0,0,0,1
1968,0,0,0,6000,Government,18000,tenant furnished,0,0,600,0,160,0,1
1969,0,0,1,0,student,0,With parents,0,0,0,0,0,0,0
1966,0,0,1,0,private sector,11232,With parents,0,0,0,0,0,0,0
1999,0,0,0,0,no response,0,Other,0,0,0,0,0,0,1
1964,0,0,1,0,student,0,tenant furnished,0,0,1000,0,0,0,1
1934,2,0,1,0,self employed,11520,Owner,14464,4,0,0,0,0,1
1940,0,0,1,1800,private sector,30000,Owner,26464,0,368,0,0,0,1
1944,2,0,1,0,self employed,15000,Owner,35392,4,0,0,0,0,0
1966,0,0,1,0,private sector,26406,With parents,0,0,0,0,0,0,0
1934,0,0,1,0,no response,0,Other,0,0,0,0,0,0,1
1960,0,0,0,6000,others,18000,Owner,48928,4,0,0,0,0,0
1958,2,0,1,6000,self employed,18000,Owner,0,0,0,0,0,0,1
1968,0,0,1,0,private sector,15000,With parents,0,0,0,640,0,0,0
1968,0,0,1,0,student,0,tenant furnished,0,0,120,0,0,0,0
1956,0,0,1,0,others,0,Tenant Unfurnished,0,0,1400,0,0,0,0
1924,0,0,1,0,retired,60000,Other,32320,4,0,0,0,0,1
1930,0,0,1,3776,Government,30000,Owner,60000,27720,372,0,0,0,0
1912,0,0,1,0,retired,0,Owner,14464,4,0,0,0,0,1
1921,0,0,1,0,self employed,54000,Owner,43392,4,0,0,0,0,0
1969,0,0,1,0,student,0,With parents,0,0,0,0,0,0,1
1962,0,0,1,0,private sector,12000,With parents,0,0,0,48,60,0,0
1968,0,0,1,0,student,0,With parents,0,0,0,0,0,0,0
1946,0,0,1,7000,self employed,15000,Owner,8928,30464,672,0,0,40,0
1946,3,0,1,1900,Government,34500,Tenant Unfurnished,0,0,0,744,0,120,1
1914,0,0,1,0,retired,0,Owner,0,0,0,0,0,0,0
1933,0,0,1,5045,self employed,0,Tenant Unfurnished,0,0,440,436,0,0,0
1940,3,0,1,7500,Government,37500,Owner,3392,34464,0,0,0,0,1
199,0,0,0,0,retired,0,Owner,43392,4,0,0,0,0,1
1952,2,0,1,2500,private sector,22500,Owner,928,6464,536,160,0,0,0
1961,0,0,1,8000,private sector,12600,Tenant Unfurnished,0,0,420,104,0,100,0
1954,0,0,1,0,private sector,23100,Owner,12928,0,0,0,0,120,1
1954,1,0,1,2500,private sector,30000,Owner,22464,18464,420,0,60,0,0
1943,0,0,1,4500,private sector,33000,Owner,48928,30464,660,0,0,200,0
1964,0,0,1,0,Government,24327,With parents,0,0,320,0,0,0,0
1966,0,0,1,0,unemployed,0,With parents,46784,0,0,224,0,80,1
1962,0,0,1,0,private sector,24600,With parents,0,0,0,264,0,60,0
1969,0,0,1,0,student,0,With parents,0,0,0,0,0,0,0
1955,2,0,1,0,private sector,0,Other,0,0,480,0,0,0,1
1952,2,0,1,1955,private sector,33000,Owner,8928,22464,580,316,40,48,0
1999,0,0,1,0,retired,0,Tenant Unfurnished,0,0,0,0,0,0,1
1952,0,0,1,0,private sector,48000,Owner,28928,34464,800,0,0,0,0
1958,2,0,1,9425,private sector,29934,Owner,28928,54464,968,484,684,0,0
1937,0,0,1,0,self employed,51000,Owner,54464,48000,584,0,400,0,0
1967,0,0,1,0,student,0,Other,0,0,0,0,0,0,0
1939,3,0,1,0,Government,43500,Owner,28928,8000,400,240,0,0,1
1926,0,0,1,2700,retired,60150,Owner,48928,4,0,0,0,0,0
1957,0,0,1,0,private sector,52353,With parents,0,0,0,0,0,0,0
1968,0,0,0,0,private sector,13416,With parents,0,0,0,0,0,0,1
1960,0,0,0,0,private sector,42825,tenant furnished,0,0,800,0,0,0,0
1949,1,1,1,0,housewife,0,Tenant Unfurnished,0,0,0,0,0,0,0
1956,0,0,1,0,self employed,9464,Owner,36928,14464,640,0,0,800,0
1946,1,0,1,0,private sector,18928,Owner,44640,50464,800,0,0,1000,0
1966,0,0,1,0,student,0,With parents,0,0,0,0,0,0,1
1968,0,0,1,0,student,0,With parents,0,0,0,0,0,40,0
1939,0,0,1,15900,Government,16500,Owner,23392,48000,624,880,0,0,1
1929,0,0,1,1700,self employed,30000,Owner,54464,56000,432,0,0,0,0
1969,0,0,1,0,student,0,With parents,0,0,0,0,0,0,1
1949,2,0,1,5000,private sector,43500,Owner,30464,40000,300,0,0,220,0
1943,0,0,0,0,self employed,0,Owner,0,0,0,0,0,0,0
1951,3,0,0,0,private sector,25641,Other,0,0,88,0,0,0,1
1922,0,0,1,0,retired,17100,Owner,0,0,0,0,0,0,1
1941,0,2,1,0,Government,33000,Owner,0,0,0,0,0,0,1
1961,1,0,1,6500,Government,37200,Owner,37856,56928,1760,512,0,0,0
1950,2,0,1,2000,Government,48000,Owner,43392,28928,1400,800,0,120,1
1966,0,0,1,0,private sector,13260,With parents,0,0,240,0,0,120,0
1959,3,0,1,0,private sector,24000,Tenant Unfurnished,0,0,0,0,0,0,1
1952,0,0,1,0,Government,42300,Owner,57856,54464,872,512,0,0,0
1952,2,0,1,0,private sector,51690,Owner,34464,43600,296,1480,0,60,0
1939,1,0,1,50000,housewife,24464,Owner,23744,16800,0,0,0,1200,0
1969,0,0,1,0,student,0,With parents,0,0,400,0,0,0,1
1969,0,0,1,0,student,6570,With parents,0,0,308,0,0,0,0
1960,1,0,1,0,private sector,30900,Owner,50464,31164,760,0,0,0,0
1958,0,0,1,0,private sector,45000,Owner,37856,14464,700,0,0,0,0
1962,1,0,1,1479,private sector,23400,Tenant Unfurnished,0,0,452,0,0,0,0
1955,0,0,1,0,Government,18900,Owner,22464,48000,440,324,0,0,0
1967,0,0,1,0,military,16929,With parents,36928,52000,0,0,0,0,0
1952,1,0,1,0,private sector,9464,Owner,43392,28928,1600,0,0,0,0
1958,2,0,1,0,self employed,18000,With parents,0,0,0,0,0,0,1
1930,0,0,1,4670,private sector,27000,Owner,0,0,0,0,368,0,0
1969,0,0,1,0,student,0,With parents,0,0,0,0,0,0,0
1955,0,0,1,10800,Government,14832,Owner,46464,14464,648,156,360,0,0
1957,0,0,1,0,private sector,18928,Owner,15712,23392,1680,0,0,120,0
1946,0,0,1,0,private sector,30000,Owner,23392,60000,720,0,0,0,1
1960,0,0,1,0,private sector,27000,With parents,0,0,0,0,0,0,0
1956,0,0,1,0,private sector,0,Tenant Unfurnished,0,0,480,560,0,0,0
1963,0,0,1,0,Government,19425,tenant furnished,0,0,280,0,0,0,0
1969,0,0,0,0,student,0,tenant furnished,0,0,520,0,0,0,1
1920,0,0,1,0,private sector,18978,Tenant Unfurnished,0,0,120,108,0,200,0
1957,2,0,1,0,private sector,16848,With parents,0,0,400,0,0,0,0
1967,0,0,1,0,student,6300,With parents,0,0,0,0,0,0,0
1967,0,0,0,0,military,24000,Other,0,0,0,332,0,0,0
1926,1,0,1,0,retired,30000,Owner,8928,0,0,0,0,0,0
1964,0,0,1,0,Government,22500,With parents,0,0,200,0,0,0,0
1967,0,0,1,0,private sector,19500,With parents,0,0,0,0,384,0,0
1953,0,0,1,0,self employed,17400,tenant furnished,0,0,320,0,0,0,0
1965,0,0,1,0,student,6309,tenant furnished,0,0,400,0,0,0,0
1968,1,0,1,0,student,0,With parents,0,0,164,0,0,0,0
1967,0,0,1,0,private sector,14892,With parents,0,0,0,0,0,0,1
1957,0,0,1,0,private sector,30000,Owner,30464,18464,632,120,0,0,0
1959,0,0,1,0,Government,35400,Owner,26464,60000,520,468,0,0,0
1946,4,0,1,5600,private sector,42000,Owner,28928,56000,440,0,0,0,0
1930,2,0,1,0,retired,9464,Owner,13568,61248,0,5200,0,0,0
1949,2,0,1,0,housewife,0,Owner,6784,20000,0,164,0,0,0
1969,0,0,1,0,student,0,With parents,0,0,340,0,0,0,1
1969,0,0,1,0,student,0,With parents,0,0,720,0,0,0,1
1934,1,0,1,36000,housewife,0,Owner,48320,28928,1600,0,0,80,0
1958,0,0,1,0,private sector,10500,Owner,42464,6464,672,40,0,0,0
1953,3,0,1,0,Government,28206,Owner,36928,34464,780,0,0,0,0
1952,2,0,1,0,private sector,33000,Tenant Unfurnished,0,0,476,240,0,0,1
1949,3,0,1,2400,private sector,21600,Tenant Unfurnished,0,0,448,0,0,0,0
1968,0,0,1,0,student,0,With parents,0,0,280,0,0,0,1
1953,0,0,0,0,private sector,45000,Other,0,0,0,0,0,0,0
1913,0,2,1,5200,retired,33000,Owner,54464,4,0,0,0,80,1
1950,2,0,1,34000,Government,54000,Owner,64640,23392,1800,800,0,2800,0
1968,0,0,0,0,public sector,17247,Tenant Unfurnished,0,0,332,224,0,0,0
1955,0,0,0,0,private sector,12168,With parents,0,0,0,0,0,68,1
1969,0,0,1,0,student,0,With parents,0,0,0,0,0,0,1
1952,1,0,1,0,private sector,0,Other,0,0,0,0,0,0,1
1941,0,0,1,0,self employed,42000,Owner,16960,3392,0,0,0,0,0
1955,0,0,1,0,self employed,21000,Owner,6464,50800,340,0,0,0,0
1940,0,0,1,10000,Government,30000,Owner,60928,56000,412,0,0,400,0
1965,0,0,1,10000,Government,19500,Owner,34464,20464,640,0,640,180,0
1919,0,0,1,0,retired,0,Tenant Unfurnished,0,0,0,0,0,0,1
1966,0,0,1,0,student,5400,With parents,0,0,0,0,0,32,1
1958,0,0,1,0,student,0,tenant furnished,0,0,1200,0,0,0,1
1967,0,0,1,0,student,5745,With parents,0,0,0,0,0,0,0
1959,0,0,1,0,self employed,48000,Owner,46464,14464,760,0,0,0,0
1926,0,0,1,0,retired,13014,Owner,18464,3000,100,0,0,0,0
1950,2,0,1,2500,private sector,42000,Owner,36928,34464,880,208,0,28,0
1965,0,0,1,4283,Government,16092,Tenant Unfurnished,0,0,416,0,40,0,0
1956,1,0,1,0,public sector,52500,Owner,28928,26464,1120,0,0,0,0
1966,0,0,1,0,private sector,15000,tenant furnished,48928,0,0,0,0,0,0
1968,0,0,1,0,student,0,With parents,0,0,340,0,0,0,0
1953,4,1,1,2080,self employed,18000,Tenant Unfurnished,0,0,320,0,0,0,0
1944,2,0,1,5000,military,60000,Owner,27392,46464,1400,0,0,0,1
1951,2,0,1,0,private sector,0,Owner,0,0,0,0,0,0,1
1961,2,0,1,0,housewife,0,Owner,0,0,0,0,0,0,1
1940,0,0,0,0,unemployed,0,Owner,28928,4,0,0,0,0,0
1959,0,0,1,0,student,0,With parents,0,0,0,0,0,0,1
1964,0,0,1,0,student,0,With parents,0,0,0,0,0,0,0
1910,2,0,1,0,retired,0,Tenant Unfurnished,0,0,0,0,0,0,1
1964,0,0,1,0,private sector,28500,With parents,0,0,400,0,0,0,0
1926,0,0,1,2640,retired,14400,Owner,0,0,0,0,0,0,1
1963,0,0,1,0,private sector,12366,With parents,20928,16000,160,0,0,0,0
1952,4,0,1,0,private sector,24464,Owner,17856,7392,2076,500,0,0,1
1969,0,0,0,0,private sector,10140,With parents,0,0,160,0,0,0,0
1965,0,0,1,0,private sector,17250,tenant furnished,0,0,400,0,0,0,0
1966,0,0,0,0,private sector,16200,Owner,64000,63000,424,0,88,0,1
1959,0,0,1,0,self employed,30000,With parents,0,0,120,0,0,0,0
1959,0,0,1,16000,private sector,27000,Owner,23392,8928,0,0,0,80,0
1966,0,0,1,0,Government,18927,With parents,0,0,0,0,0,20,0
1930,0,0,1,2000,public sector,24000,Owner,9264,44000,300,540,0,0,1
1963,2,1,1,0,military,0,Tenant Unfurnished,0,0,520,0,0,80,1
1965,0,0,1,0,student,0,With parents,0,0,0,0,0,0,0
1952,3,0,1,0,private sector,42000,Owner,8928,62464,912,0,0,0,0
1964,0,0,1,0,Government,21900,With parents,0,0,0,0,0,120,1
1966,0,0,1,0,private sector,22005,tenant furnished,0,0,360,280,0,0,0
1960,0,0,1,0,student,13860,tenant furnished,0,0,600,0,0,0,0
1967,0,0,1,0,private sector,16500,With parents,0,0,0,0,0,0,0
1963,0,0,0,0,private sector,18000,tenant furnished,0,0,280,0,64,0,1
1964,0,0,1,0,student,0,tenant furnished,0,0,400,0,0,0,0
1968,0,0,1,0,student,9000,With parents,0,0,0,0,0,0,0
1968,0,0,1,0,private sector,17100,With parents,0,0,480,0,160,0,0
1957,2,0,1,0,private sector,27000,Owner,34464,0,496,364,0,0,0
1969,0,0,1,0,student,10500,With parents,0,0,0,0,0,0,0
1954,2,1,1,0,private sector,31200,Tenant Unfurnished,0,0,320,0,0,0,0
1955,0,0,1,0,public sector,27000,Owner,34464,0,0,0,0,0,1
1968,0,0,1,0,private sector,0,With parents,0,0,0,0,0,0,0
1959,0,0,1,0,self employed,18928,Owner,15792,0,0,0,0,0,0
1929,0,0,1,0,Government,15600,Owner,26464,4,0,0,0,0,1
1958,0,0,1,0,self employed,30000,With parents,0,0,0,0,0,0,0
1954,0,0,1,0,private sector,21687,Owner,28928,4928,980,0,0,200,0
1947,3,0,0,16000,Government,7200,Owner,31392,52928,1720,680,48,0,1
1966,0,0,1,0,student,4350,tenant furnished,0,0,0,0,0,0,1
1911,0,0,1,0,no response,0,Other,0,0,0,0,0,0,1
1962,1,0,1,536,Government,40434,Owner,16928,4928,980,0,0,0,0
1966,0,0,1,0,student,5745,With parents,0,0,320,0,0,0,0
1946,4,0,1,0,self employed,30000,Owner,0,0,0,0,0,0,0
1956,2,1,1,0,Government,37500,Tenant Unfurnished,0,0,256,300,0,0,1
1955,0,0,1,5799,Government,26145,Owner,46464,10464,536,1080,0,0,1
1965,0,0,1,0,student,8580,tenant furnished,0,0,560,0,0,0,0
1935,0,0,1,0,private sector,13500,Tenant Unfurnished,0,0,0,0,0,0,0
1969,0,0,1,0,student,0,With parents,0,0,0,0,0,0,1
1969,0,0,1,0,student,7500,With parents,0,0,480,0,0,0,1
1965,0,0,1,0,private sector,18750,tenant furnished,0,0,0,0,0,0,0
1967,0,0,0,0,student,0,tenant furnished,0,0,1200,0,0,0,0
1965,0,0,0,0,student,0,Other,0,0,0,0,0,0,1
1965,0,0,1,0,private sector,22257,With parents,0,0,200,0,0,0,0
1944,2,0,1,0,private sector,45000,Owner,0,0,1000,0,0,0,0
1963,0,0,0,0,Government,21156,tenant furnished,0,0,280,0,0,0,0
1957,0,0,0,0,private sector,21000,Owner,48928,46464,700,0,0,0,0
1919,0,0,1,0,retired,0,Tenant Unfurnished,0,0,360,0,0,0,1
1945,2,0,1,0,private sector,39464,Owner,21248,928,1360,336,0,0,0
1959,0,0,1,0,private sector,28500,With parents,0,0,0,0,0,0,0
1918,0,0,1,0,retired,9630,Tenant Unfurnished,0,0,432,0,0,0,0
1927,0,0,1,0,self employed,3464,Owner,21248,24000,640,0,0,0,0
1968,0,0,1,0,student,6000,tenant furnished,0,0,416,0,0,0,0
1968,0,0,1,0,student,0,tenant furnished,0,0,0,0,0,0,0
1969,0,0,1,0,student,0,tenant furnished,0,0,520,0,0,0,1
1953,2,0,1,5000,self employed,22500,Tenant Unfurnished,0,0,400,392,80,120,0
1967,0,0,1,0,private sector,10500,With parents,0,0,0,0,0,0,0
1966,0,0,0,0,student,0,With parents,0,0,0,0,0,0,0
1968,0,0,0,0,student,0,Other,0,0,0,0,0,0,0
1951,0,0,1,0,private sector,57000,Owner,64928,2464,504,0,0,0,0
1968,0,0,1,0,student,0,With parents,0,0,0,0,0,0,1
1969,0,0,1,0,student,0,tenant furnished,0,0,448,0,0,0,1
1966,0,0,1,0,private sector,27000,Tenant Unfurnished,0,0,700,0,0,1100,0
1958,0,0,1,0,Government,22620,With parents,0,0,320,316,84,0,0
1950,0,0,1,0,Government,47400,Owner,3392,3392,1400,0,0,0,0
1961,0,0,1,15000,private sector,13500,Tenant Unfurnished,0,0,0,0,0,0,0
1966,0,0,0,0,student,882,tenant furnished,0,0,0,0,0,0,0
1933,0,0,1,5162,private sector,32796,Tenant Unfurnished,0,0,444,76,412,0,0
1947,2,0,1,0,self employed,25200,Owner,52464,38464,824,0,160,0,0
1999,0,0,0,0,no response,0,Other,0,0,0,0,0,0,0
197,0,0,1,0,retired,12000,Other,0,0,0,0,0,0,1
1950,2,0,0,0,Government,12000,tenant furnished,0,0,1000,0,0,0,1
1968,0,0,1,0,student,6426,tenant furnished,0,0,360,0,0,0,1
1956,3,0,1,0,private sector,33000,Tenant Unfurnished,0,0,520,0,28,0,1
198,0,0,1,0,retired,0,Other,0,0,0,0,0,0,1
1944,2,0,1,1250,private sector,51000,Owner,28928,20000,324,0,200,0,0
1965,0,0,1,0,private sector,25500,With parents,0,0,0,0,0,0,0
1969,0,0,1,0,student,5916,Other,0,0,0,0,0,0,1
1967,1,0,0,0,private sector,21750,Tenant Unfurnished,0,0,448,0,80,0,0
1967,0,0,1,0,student,5100,With parents,0,0,0,0,0,0,0
1962,0,0,0,0,student,6000,tenant furnished,0,0,0,0,0,0,0
1943,2,0,1,0,Government,21942,Owner,0,0,0,0,0,0,0
1937,1,0,1,7000,private sector,44100,Owner,43392,2464,600,0,0,40,0
1960,3,0,0,0,student,13365,With parents,0,0,144,0,0,0,0
1963,0,0,1,0,private sector,36600,With parents,0,0,0,0,360,200,0
1922,0,0,1,0,retired,0,Owner,37856,4,0,0,0,0,1
1919,0,0,1,0,retired,7044,tenant furnished,0,0,0,0,0,0,1
1932,0,1,1,5000,private sector,33000,Owner,20928,42464,784,228,0,0,1
1961,0,0,1,0,private sector,27810,Owner,64000,60800,500,0,0,0,1
1926,0,0,0,0,retired,0,Other,0,0,0,0,0,0,1
1939,4,1,1,0,public sector,44529,Owner,39392,14464,800,84,0,600,0
1946,1,0,1,0,Government,45000,Owner,21248,24000,0,0,0,180,1
1964,0,0,1,11200,Government,19800,Owner,38464,6464,0,0,0,400,0
1935,0,0,1,5200,private sector,26487,Owner,16928,25352,244,280,0,0,0
1962,0,0,1,0,private sector,0,Tenant Unfurnished,0,0,0,188,176,0,0
1965,0,0,1,0,private sector,16611,tenant furnished,0,0,308,0,0,0,0
1957,0,0,1,0,private sector,24000,Owner,34464,0,0,0,0,0,0
1955,2,0,1,3000,self employed,45000,Owner,50176,54464,864,0,0,1200,0
1932,0,0,1,0,retired,22500,Owner,54784,0,0,0,0,0,0
197,0,0,1,0,retired,0,Owner,0,0,0,0,0,0,1
1966,0,0,1,0,private sector,26100,tenant furnished,0,0,640,0,0,120,0
1962,0,0,1,0,private sector,60000,tenant furnished,0,0,800,0,0,0,0
1949,2,0,1,0,self employed,36000,Owner,26464,60000,500,0,428,0,1
1918,0,0,1,14000,retired,0,Owner,28928,4,0,0,0,0,1
1957,0,0,1,0,self employed,24000,Owner,0,0,0,0,0,0,1
1953,0,0,1,18000,private sector,24000,Owner,48928,28928,1464,336,64,0,1
1968,0,0,1,0,student,0,Tenant Unfurnished,0,0,320,0,0,0,0
1959,1,0,1,4160,private sector,11700,Owner,60000,15600,0,0,0,0,1
1952,2,0,1,7500,housewife,0,Owner,3392,14464,980,0,0,0,1
1963,0,0,1,0,military,30000,Other,0,0,0,264,0,0,1
1951,2,0,1,7500,private sector,16590,Owner,14464,0,448,0,144,0,1
1925,0,0,1,0,private sector,36000,Owner,28928,4,0,0,0,0,1
1955,2,0,1,0,Government,58500,Owner,22464,40000,320,720,0,0,0
1947,2,0,1,12000,housewife,0,Owner,44928,44928,520,0,0,0,0
1969,0,0,1,0,student,4326,With parents,0,0,0,0,0,0,0
1955,2,0,1,0,Government,9000,Owner,18464,46000,300,0,0,0,0
1937,2,0,1,6000,Government,39666,Owner,37856,4928,1284,636,0,0,0
1957,0,0,1,0,private sector,42000,Owner,62464,18464,1040,320,160,0,1
1927,0,0,1,0,retired,12000,Owner,32320,4,0,0,0,0,1
1933,0,0,1,0,private sector,43500,Owner,28928,4,0,416,0,0,0
1926,0,0,1,0,housewife,0,Tenant Unfurnished,0,0,368,0,0,0,1
1968,0,0,1,0,student,5859,Other,0,0,0,0,0,0,1
1969,0,0,1,0,student,0,With parents,0,0,0,0,0,0,0
1969,0,0,0,0,student,0,tenant furnished,0,0,448,0,0,0,1
1969,0,0,1,0,student,0,With parents,0,0,0,0,0,0,0
1966,1,0,1,0,private sector,0,tenant furnished,0,0,0,0,0,0,0
1965,0,0,1,0,Government,9495,Other,0,0,0,0,0,0,0
1936,2,0,1,0,private sector,60000,Owner,20928,54464,1520,0,0,0,0
1964,0,0,1,0,private sector,17820,With parents,0,0,0,0,0,0,0
1965,0,0,1,0,unemployed,0,With parents,0,0,0,0,0,0,0
1938,0,0,1,0,private sector,24000,Other,14464,4,0,608,0,0,1
1949,2,0,1,0,private sector,7200,Owner,28928,64000,440,0,0,0,1
1958,0,0,1,0,private sector,42000,Owner,36464,30464,712,280,120,0,0
1961,0,0,1,0,Government,28254,With parents,0,0,0,528,0,0,1
1956,0,0,1,2444,self employed,36000,Owner,36928,8928,1040,472,0,0,0
1947,0,0,1,0,public sector,16662,With parents,0,0,0,0,0,0,1
1967,0,0,1,0,student,4500,tenant furnished,0,0,0,0,0,0,1
1956,0,0,1,0,self employed,54000,Tenant Unfurnished,0,0,320,0,0,0,0
1969,0,0,0,0,student,0,With parents,0,0,0,0,0,0,1
1962,0,0,1,0,Government,17565,With parents,0,0,0,0,0,0,1
1957,1,0,0,3640,private sector,29736,Owner,38464,38464,0,120,640,0,0
1950,4,0,1,0,student,21000,tenant furnished,0,0,480,0,0,0,0
1947,2,0,1,0,Government,36000,Owner,28928,0,0,756,0,80,0
1949,2,0,1,9620,private sector,4680,tenant furnished,0,0,0,0,0,0,1
1956,0,0,0,0,Government,21750,Owner,60000,44000,440,0,0,120,0
1920,0,0,1,0,retired,0,Tenant Unfurnished,0,0,72,0,0,0,0
1949,4,0,1,0,private sector,4896,Owner,28928,14464,0,0,0,0,0
1961,1,0,1,0,Government,20358,Owner,26464,64000,656,0,0,0,0
1969,0,0,1,0,student,5745,With parents,0,0,340,0,0,0,1
1943,2,0,1,0,private sector,24464,Owner,43392,14928,1120,760,0,200,0
1911,0,0,0,0,retired,13500,Owner,0,0,0,0,0,0,0
1963,0,0,1,6000,private sector,25500,Tenant Unfurnished,0,0,280,508,0,0,0
1945,2,0,1,0,Government,38403,Owner,48928,20000,200,0,0,0,0
1969,0,0,1,0,student,5859,With parents,0,0,100,0,0,0,1
1966,0,0,0,0,student,0,tenant furnished,0,0,480,0,0,0,0
1961,0,0,1,0,private sector,30000,tenant furnished,0,0,0,0,400,0,0
1944,2,0,1,12800,private sector,44400,Owner,32928,22464,712,760,0,160,1
1968,0,0,1,0,private sector,12000,With parents,0,0,240,0,0,0,1
1947,0,0,1,0,Government,27000,Owner,34464,56000,484,0,0,40,1
1955,2,0,1,0,self employed,30000,Owner,48928,4,0,0,256,0,0
1933,1,0,1,8056,Government,50484,Owner,23392,4,0,0,0,200,0
1944,1,0,1,0,self employed,30000,Owner,53248,6464,800,0,0,0,1
1946,1,0,0,0,private sector,51000,Owner,43392,24000,344,464,0,0,0
1933,0,0,1,0,housewife,0,Owner,48928,28000,200,28000,0,0,1
1969,0,0,0,0,student,0,With parents,0,0,0,0,0,0,0
1936,0,1,1,0,private sector,18928,tenant furnished,0,0,0,1440,0,1200,0
197,0,0,1,0,retired,0,Owner,14464,4,0,0,0,0,0
1961,0,0,1,0,private sector,12960,With parents,0,0,0,0,0,0,0
1965,0,0,1,12000,student,0,Owner,0,0,640,604,0,80,0
1958,0,0,1,0,private sector,24000,Owner,28928,64000,680,0,0,0,1
1958,2,0,1,0,private sector,39000,tenant furnished,0,0,280,0,44,0,0
1936,0,0,1,0,private sector,15000,Owner,14464,32000,532,0,0,0,0
1964,0,0,1,0,student,0,With parents,0,0,0,0,0,0,0
1968,0,0,1,0,private sector,17334,With parents,0,0,0,0,0,0,0
1962,1,0,0,5040,military,18000,tenant furnished,0,0,172,288,0,60,0
1963,0,0,1,14000,Government,24000,Owner,43928,24320,1308,0,0,0,0
1955,1,0,1,0,private sector,31980,Other,0,0,0,0,0,300,0
1960,0,0,1,0,Government,22500,Owner,22464,22464,600,0,0,0,1
1953,3,0,1,0,private sector,42000,Owner,8928,34464,720,360,0,80,0
1939,1,0,1,24000,self employed,5184,Owner,17856,50464,1200,0,0,800,0
1949,1,0,1,0,private sector,56100,Owner,32320,42464,400,420,0,0,0
1959,0,0,1,0,private sector,25620,With parents,0,0,0,0,0,0,0
1999,0,0,1,0,no response,21000,Other,0,0,0,0,0,60,0
1921,1,0,1,20000,housewife,0,Owner,32320,4,0,0,0,0,0
1951,5,0,1,3690,private sector,24255,Tenant Unfurnished,0,0,0,0,0,0,0
1969,0,0,1,0,Government,0,With parents,0,0,0,0,0,0,1
1964,0,0,1,0,Government,20400,Tenant Unfurnished,0,0,192,0,0,0,0
1953,2,0,1,1200,private sector,30000,Owner,54464,48000,528,0,0,0,0
1951,3,0,1,0,Government,17640,Other,0,0,0,0,0,0,0
1955,1,0,1,1800,public sector,36000,Owner,22464,64000,640,240,0,0,0
1965,0,0,1,0,private sector,19500,With parents,0,0,0,0,0,0,0
1947,2,0,1,0,private sector,18900,Tenant Unfurnished,0,0,0,0,0,0,0
1968,0,0,1,0,private sector,12960,tenant furnished,0,0,480,36,0,0,0
1953,2,0,1,10000,Government,9900,Tenant Unfurnished,0,0,588,0,0,0,0
1968,0,0,1,0,private sector,10800,With parents,0,0,200,0,0,0,1
1952,2,0,1,2000,Government,24000,Tenant Unfurnished,0,0,448,0,0,0,0
1969,0,0,1,0,student,0,With parents,0,0,640,0,0,0,0
1940,1,0,1,10000,self employed,9464,Owner,3392,46464,1000,0,0,0,0
1941,0,0,1,0,private sector,29400,Tenant Unfurnished,0,0,216,100,0,0,0
1958,0,0,1,0,private sector,22500,Owner,50464,38464,904,0,0,0,1
1964,0,0,0,0,private sector,22080,Owner,22464,12864,620,220,100,0,0
1958,0,0,0,0,Government,7800,Tenant Unfurnished,0,0,360,0,0,0,0
1961,0,0,1,0,private sector,0,tenant furnished,0,0,0,0,0,0,1
1963,0,0,0,0,private sector,22800,Owner,6464,6464,584,120,0,0,1
1946,3,0,1,10500,Government,30000,Owner,8928,34464,700,480,0,0,0
1957,0,0,1,0,private sector,49500,Owner,25392,6928,940,80,200,0,1
1968,0,0,1,0,private sector,13482,With parents,0,0,320,0,0,0,0
1963,0,0,1,0,private sector,25500,Tenant Unfurnished,0,0,320,200,72,0,1
1954,0,0,1,0,private sector,10214,Owner,10176,52320,3800,700,0,0,1
1959,0,0,1,0,student,6000,tenant furnished,0,0,480,0,0,0,1
1959,0,0,0,0,unemployed,0,Other,0,0,0,0,0,0,1
1956,2,0,1,0,private sector,37500,Owner,23392,26464,700,0,0,0,0
1954,2,0,1,3000,Government,48600,Owner,46464,30464,624,264,0,0,0
1966,0,0,1,0,self employed,9000,With parents,0,0,0,0,0,0,0
1967,0,0,1,0,Government,14625,Tenant Unfurnished,0,0,320,0,88,0,0
1943,0,0,1,10000,Government,15000,Owner,36464,0,592,464,0,0,1
1969,0,0,1,0,student,0,Owner,20928,4,0,0,0,200,0
1958,1,0,1,0,Government,46944,Owner,48464,42464,720,100,392,0,0
1930,0,0,1,3800,Government,8100,Owner,22464,4,0,0,0,0,0
1918,0,0,1,0,retired,0,Other,0,0,0,0,0,0,1
1967,0,0,1,0,student,4680,tenant furnished,0,0,400,0,0,0,0
1969,0,0,0,0,student,5700,tenant furnished,0,0,72,0,0,0,0
1931,0,0,1,0,private sector,0,Tenant Unfurnished,0,0,416,0,0,0,0
1964,0,0,0,0,private sector,26226,Owner,34464,0,856,0,0,0,0
1955,0,0,1,9000,private sector,10545,Owner,34464,0,800,0,0,0,1
1952,2,0,1,0,private sector,42000,Owner,52464,464,0,0,0,0,0
1929,2,0,1,0,self employed,0,Owner,0,0,0,0,0,0,1
1955,0,0,1,0,private sector,51000,With parents,0,0,0,0,544,80,0
1950,1,0,1,0,private sector,6000,Owner,58464,40000,288,0,0,0,1
1945,1,0,1,0,private sector,42000,Owner,61248,30464,880,0,0,0,1
1923,0,0,1,0,retired,15000,Owner,32320,4,0,0,0,0,0
1957,0,0,1,0,self employed,27000,Tenant Unfurnished,0,0,328,0,0,0,1
1966,0,0,1,0,student,5715,tenant furnished,0,0,412,0,0,0,0
1963,0,0,1,0,private sector,18720,With parents,0,0,80,0,0,0,0
1967,1,0,0,0,public sector,19500,Tenant Unfurnished,0,0,356,168,144,0,0
1955,1,0,1,0,private sector,12000,Tenant Unfurnished,0,0,0,0,0,0,1
1952,0,0,1,10200,Government,36600,Owner,46464,0,684,240,400,40,0
1930,3,0,1,0,retired,0,Owner,10784,4,0,0,0,100,0
1950,4,0,1,7000,public sector,35400,Owner,4928,60000,532,0,248,440,0
1959,0,0,1,9500,private sector,15660,Owner,30464,46000,288,0,516,0,0
1942,1,0,1,0,private sector,30600,Owner,28928,54464,0,0,0,0,1
1966,0,0,1,0,Government,19131,With parents,0,0,0,0,0,0,0
1948,3,0,1,0,self employed,0,Owner,0,0,0,0,0,0,1
1966,0,0,1,0,student,0,tenant furnished,0,0,440,0,0,0,0
1969,0,0,1,0,private sector,9360,With parents,0,0,0,0,0,0,1
1939,0,0,1,1440,Government,25500,Tenant Unfurnished,0,0,108,320,0,0,0
1942,3,0,1,0,no response,0,Other,0,0,0,0,0,0,0
1958,0,0,1,5000,Government,31320,tenant furnished,0,0,500,0,0,0,0
1959,1,0,0,0,private sector,18000,Tenant Unfurnished,0,0,320,216,0,0,0
1954,2,0,0,1800,public sector,27600,Owner,52464,47964,776,0,0,0,1
1953,0,0,1,0,self employed,18000,Other,0,0,0,300,0,0,0
1949,2,0,1,14700,private sector,18210,Owner,28928,22464,584,640,0,60,0
1969,0,0,1,0,student,4296,With parents,0,0,0,0,0,0,0
1969,0,0,1,0,student,12000,With parents,0,0,0,0,0,0,0
1938,0,0,1,0,retired,16248,Tenant Unfurnished,0,0,388,0,0,0,0
1928,3,0,1,15000,Government,30000,Owner,11392,40000,760,0,0,0,1
1940,0,0,1,4353,private sector,5292,Other,0,0,0,0,0,0,1
1957,0,0,1,0,private sector,30000,Owner,34464,32464,760,0,280,0,0
1957,1,0,1,0,private sector,30000,Owner,64000,52000,384,0,0,0,0
1956,0,0,1,11000,Government,36102,Owner,62464,0,720,0,0,0,0
1964,0,0,1,0,private sector,27000,tenant furnished,0,0,600,0,0,360,0
1948,2,0,1,0,military,39000,Owner,14464,0,240,160,0,0,0
1999,0,0,0,0,retired,0,Other,0,0,0,0,0,0,1
1944,0,0,1,0,private sector,48000,Owner,48928,54464,1200,308,0,0,0
1953,0,0,1,0,self employed,928,Owner,43392,4,0,0,0,0,0
1957,1,0,1,11000,Government,21741,Owner,928,40464,0,0,0,100,1
1944,1,0,1,8000,housewife,0,Tenant Unfurnished,0,0,628,0,0,680,1
1939,3,0,1,3000,self employed,42000,Owner,20928,54464,1200,600,0,0,1
1968,0,0,1,0,self employed,12480,Tenant Unfurnished,0,0,480,0,0,0,0
1945,1,0,0,0,private sector,0,Owner,57856,12928,0,200,0,0,0
1960,0,0,1,0,private sector,23850,Owner,28928,4,0,500,0,0,1
1965,0,0,1,0,Government,27279,tenant furnished,0,0,740,0,0,160,0
1940,0,0,1,6000,Government,30000,Tenant Unfurnished,0,0,384,0,0,0,0
1962,0,0,1,0,housewife,0,Tenant Unfurnished,0,0,0,0,0,0,1
1965,0,0,1,0,Government,15000,With parents,0,0,0,0,0,0,0
1922,2,0,1,0,self employed,0,Owner,0,0,0,0,0,0,1
1955,2,0,1,0,private sector,18000,Owner,46464,0,0,684,300,0,1
1959,2,0,1,0,Government,17889,Owner,4928,50464,0,0,0,0,1
1969,0,0,1,0,student,0,With parents,0,0,0,0,0,0,0
1950,2,0,1,11100,Government,49500,Owner,52192,27392,1740,472,0,36,0
1969,0,0,1,0,private sector,18000,With parents,0,0,0,472,0,0,0
1945,2,0,1,30000,self employed,9000,Other,0,0,0,0,0,0,0
1941,1,1,1,12400,private sector,52500,Owner,3392,24000,400,1600,0,0,0
1965,0,0,0,0,military,0,tenant furnished,0,0,0,200,336,104,0
1961,0,0,1,0,private sector,18000,tenant furnished,0,0,0,0,0,0,0
1957,0,0,1,11700,private sector,52500,Owner,46784,7392,2048,0,0,160,0
1952,0,0,1,0,private sector,60000,Owner,63392,54464,1900,0,0,0,0
1961,0,0,1,0,private sector,12480,With parents,0,0,0,0,0,0,1
1962,0,0,1,0,self employed,24000,tenant furnished,0,0,400,0,0,0,0
1964,0,0,1,0,private sector,21240,With parents,0,0,320,0,0,0,0
1958,2,0,1,0,private sector,23400,Owner,20928,46464,400,0,68,76,0
1948,0,0,0,0,private sector,9000,tenant furnished,0,0,320,28,0,0,0
1949,2,0,1,0,private sector,24464,Owner,3392,34464,800,0,0,320,0
198,0,0,1,0,retired,0,Tenant Unfurnished,0,0,0,0,0,0,1
1946,0,0,0,0,private sector,51996,Owner,60800,38400,636,0,0,0,1
1958,0,0,1,0,Government,21900,tenant furnished,0,0,600,296,0,0,0
1964,1,0,1,0,Government,24852,Owner,34464,20464,528,360,0,0,0
1964,0,0,1,0,private sector,52500,With parents,0,0,0,0,0,0,0
1920,0,1,1,1000,retired,60000,Owner,6784,40000,744,0,0,0,1
1935,4,0,1,8000,self employed,6000,Owner,43392,6400,0,0,0,600,0
1922,0,0,1,0,retired,0,Owner,14464,4,0,0,0,0,1
1961,0,0,1,2500,self employed,15000,Owner,60464,22000,416,880,0,0,0
1952,4,1,1,0,Government,37764,Tenant Unfurnished,0,0,0,340,0,0,0
1956,3,0,1,1200,private sector,31500,Owner,6928,46464,784,256,0,0,1
1960,0,0,1,0,self employed,46800,Owner,11392,928,1144,680,0,108,0
1920,0,0,1,0,retired,0,Other,0,0,0,0,0,0,1
1966,0,0,1,0,student,5538,With parents,0,0,492,0,0,0,0
